scenario_id,scenario,environment,quantity,unit,n_compared,n_changed,max_abs_diff,measured_on,how
book_rebuild,Rebuild the book,"same machine, jupyter-book build twice into empty folders (notebooks are not re-executed)",files regenerated,files,37,0,,2026-09-22,"jupyter-book build book/australian_cpi_forecasting --path-output <empty folder>, run twice; compare-files on every HTML page, byte for byte. Recipe and saved records: reports/reproducibility_runs/README.md."
restore,Restore the saved model runs,"same machine, pinned packages, models restored from mlruns_snapshot/",files regenerated,files,14,0,,2026-09-22,scripts/repro_scratch_copy.sh; python -m src.mlruns_snapshot restore in the copy; serve it with uvicorn; python -m src.models.tableau_export; compare-files on reports/tableau against the checked-in files. Recipe and saved records: reports/reproducibility_runs/README.md.
restore,Restore the saved model runs,"same machine, pinned packages, models restored from mlruns_snapshot/",table cells,cells,21920,0,0,2026-09-22,scripts/repro_scratch_copy.sh; python -m src.mlruns_snapshot restore in the copy; serve it with uvicorn; python -m src.models.tableau_export; compare-files on reports/tableau against the checked-in files. Recipe and saved records: reports/reproducibility_runs/README.md.
retrain_new,Retrain the models on the newest packages,"same machine, fresh venv with unpinned requirements (pandas 3.0.6, statsmodels 0.15.0, scikit-learn 1.9.1, mlflow 3.16.1) instead of constraints.txt (pandas 2.3.3, statsmodels 0.14.6, scikit-learn 1.9.0, mlflow 3.15.1)",files regenerated,files,44,1,,2026-09-22,"fresh venv from requirements.txt without constraints.txt; scripts/repro_scratch_copy.sh; scripts/repro_retrain_chain.sh (ETL, platform_status, the five training commands, model_comparison --no-rba, rba_classifier, simulation_fan, eda_export, svar_unemployment_export, tableau_export against a local API); compare-files on every file the run rewrote. The four interval coverage and calibration reports (about 90 minutes) were not rerun. Step log: reports/reproducibility_runs/retrain_newest_steps.log; packages: environment_newest.txt. Recipe and saved records: reports/reproducibility_runs/README.md."
retrain_new,Retrain the models on the newest packages,"same machine, fresh venv with unpinned requirements (pandas 3.0.6, statsmodels 0.15.0, scikit-learn 1.9.1, mlflow 3.16.1) instead of constraints.txt (pandas 2.3.3, statsmodels 0.14.6, scikit-learn 1.9.0, mlflow 3.15.1)",table cells,cells,89322,1,0,2026-09-22,"fresh venv from requirements.txt without constraints.txt; scripts/repro_scratch_copy.sh; scripts/repro_retrain_chain.sh (ETL, platform_status, the five training commands, model_comparison --no-rba, rba_classifier, simulation_fan, eda_export, svar_unemployment_export, tableau_export against a local API); compare-files on every file the run rewrote. The four interval coverage and calibration reports (about 90 minutes) were not rerun. Step log: reports/reproducibility_runs/retrain_newest_steps.log; packages: environment_newest.txt. Recipe and saved records: reports/reproducibility_runs/README.md."
one_thread,Serve the same models on one CPU thread,"same machine, OpenBLAS and OpenMP limited to one thread (the README says Cloud Run serves on one CPU), saved runs",point forecasts and intervals: other numbers,other,52,0,0,2026-09-22,"restored runs served twice from a scratch copy, once normally and once with OPENBLAS_NUM_THREADS=1 OMP_NUM_THREADS=1; the same requests to both; compare-api on every number and label. Recipe and saved records: reports/reproducibility_runs/README.md; raw responses: reports/reproducibility_runs/api_responses/."
one_thread,Serve the same models on one CPU thread,"same machine, OpenBLAS and OpenMP limited to one thread (the README says Cloud Run serves on one CPU), saved runs",point forecasts and intervals: forecast and interval numbers,pp,72,0,0,2026-09-22,"restored runs served twice from a scratch copy, once normally and once with OPENBLAS_NUM_THREADS=1 OMP_NUM_THREADS=1; the same requests to both; compare-api on every number and label. Recipe and saved records: reports/reproducibility_runs/README.md; raw responses: reports/reproducibility_runs/api_responses/."
one_thread,Serve the same models on one CPU thread,"same machine, OpenBLAS and OpenMP limited to one thread (the README says Cloud Run serves on one CPU), saved runs",point forecasts and intervals: labels,labels,57,0,,2026-09-22,"restored runs served twice from a scratch copy, once normally and once with OPENBLAS_NUM_THREADS=1 OMP_NUM_THREADS=1; the same requests to both; compare-api on every number and label. Recipe and saved records: reports/reproducibility_runs/README.md; raw responses: reports/reproducibility_runs/api_responses/."
one_thread,Serve the same models on one CPU thread,"same machine, OpenBLAS and OpenMP limited to one thread (the README says Cloud Run serves on one CPU), saved runs",trimmed-mean forecasts and intervals: other numbers,other,52,0,0,2026-09-22,"restored runs served twice from a scratch copy, once normally and once with OPENBLAS_NUM_THREADS=1 OMP_NUM_THREADS=1; the same requests to both; compare-api on every number and label. Recipe and saved records: reports/reproducibility_runs/README.md; raw responses: reports/reproducibility_runs/api_responses/."
one_thread,Serve the same models on one CPU thread,"same machine, OpenBLAS and OpenMP limited to one thread (the README says Cloud Run serves on one CPU), saved runs",trimmed-mean forecasts and intervals: forecast and interval numbers,pp,72,0,0,2026-09-22,"restored runs served twice from a scratch copy, once normally and once with OPENBLAS_NUM_THREADS=1 OMP_NUM_THREADS=1; the same requests to both; compare-api on every number and label. Recipe and saved records: reports/reproducibility_runs/README.md; raw responses: reports/reproducibility_runs/api_responses/."
one_thread,Serve the same models on one CPU thread,"same machine, OpenBLAS and OpenMP limited to one thread (the README says Cloud Run serves on one CPU), saved runs",trimmed-mean forecasts and intervals: labels,labels,57,0,,2026-09-22,"restored runs served twice from a scratch copy, once normally and once with OPENBLAS_NUM_THREADS=1 OMP_NUM_THREADS=1; the same requests to both; compare-api on every number and label. Recipe and saved records: reports/reproducibility_runs/README.md; raw responses: reports/reproducibility_runs/api_responses/."
one_thread,Serve the same models on one CPU thread,"same machine, OpenBLAS and OpenMP limited to one thread (the README says Cloud Run serves on one CPU), saved runs",credit stress test: labels,labels,8,0,,2026-09-22,"restored runs served twice from a scratch copy, once normally and once with OPENBLAS_NUM_THREADS=1 OMP_NUM_THREADS=1; the same requests to both; compare-api on every number and label. Recipe and saved records: reports/reproducibility_runs/README.md; raw responses: reports/reproducibility_runs/api_responses/."
one_thread,Serve the same models on one CPU thread,"same machine, OpenBLAS and OpenMP limited to one thread (the README says Cloud Run serves on one CPU), saved runs",credit stress test: numbers,mixed,31,0,0,2026-09-22,"restored runs served twice from a scratch copy, once normally and once with OPENBLAS_NUM_THREADS=1 OMP_NUM_THREADS=1; the same requests to both; compare-api on every number and label. Recipe and saved records: reports/reproducibility_runs/README.md; raw responses: reports/reproducibility_runs/api_responses/."
one_thread,Serve the same models on one CPU thread,"same machine, OpenBLAS and OpenMP limited to one thread (the README says Cloud Run serves on one CPU), saved runs",scenario forecast (simulated): labels,labels,8,0,,2026-09-22,"restored runs served twice from a scratch copy, once normally and once with OPENBLAS_NUM_THREADS=1 OMP_NUM_THREADS=1; the same requests to both; compare-api on every number and label. Recipe and saved records: reports/reproducibility_runs/README.md; raw responses: reports/reproducibility_runs/api_responses/."
one_thread,Serve the same models on one CPU thread,"same machine, OpenBLAS and OpenMP limited to one thread (the README says Cloud Run serves on one CPU), saved runs",scenario forecast (simulated): forecast and interval numbers,pp,12,0,0,2026-09-22,"restored runs served twice from a scratch copy, once normally and once with OPENBLAS_NUM_THREADS=1 OMP_NUM_THREADS=1; the same requests to both; compare-api on every number and label. Recipe and saved records: reports/reproducibility_runs/README.md; raw responses: reports/reproducibility_runs/api_responses/."
one_thread,Serve the same models on one CPU thread,"same machine, OpenBLAS and OpenMP limited to one thread (the README says Cloud Run serves on one CPU), saved runs",scenario forecast (simulated): other numbers,other,6,0,0,2026-09-22,"restored runs served twice from a scratch copy, once normally and once with OPENBLAS_NUM_THREADS=1 OMP_NUM_THREADS=1; the same requests to both; compare-api on every number and label. Recipe and saved records: reports/reproducibility_runs/README.md; raw responses: reports/reproducibility_runs/api_responses/."
one_thread,Serve the same models on one CPU thread,"same machine, OpenBLAS and OpenMP limited to one thread (the README says Cloud Run serves on one CPU), saved runs",RBA action readings (simulated): labels,labels,45,0,,2026-09-22,"restored runs served twice from a scratch copy, once normally and once with OPENBLAS_NUM_THREADS=1 OMP_NUM_THREADS=1; the same requests to both; compare-api on every number and label. Recipe and saved records: reports/reproducibility_runs/README.md; raw responses: reports/reproducibility_runs/api_responses/."
one_thread,Serve the same models on one CPU thread,"same machine, OpenBLAS and OpenMP limited to one thread (the README says Cloud Run serves on one CPU), saved runs",RBA action readings (simulated): forecasts,pp,2,0,0,2026-09-22,"restored runs served twice from a scratch copy, once normally and once with OPENBLAS_NUM_THREADS=1 OMP_NUM_THREADS=1; the same requests to both; compare-api on every number and label. Recipe and saved records: reports/reproducibility_runs/README.md; raw responses: reports/reproducibility_runs/api_responses/."
one_thread,Serve the same models on one CPU thread,"same machine, OpenBLAS and OpenMP limited to one thread (the README says Cloud Run serves on one CPU), saved runs",RBA action readings (simulated): probabilities,probability,16,0,0,2026-09-22,"restored runs served twice from a scratch copy, once normally and once with OPENBLAS_NUM_THREADS=1 OMP_NUM_THREADS=1; the same requests to both; compare-api on every number and label. Recipe and saved records: reports/reproducibility_runs/README.md; raw responses: reports/reproducibility_runs/api_responses/."
cloud_run_repeat,Ask Cloud Run the same question twice,"live Cloud Run service, two identical sets of requests one after the other",point forecasts and intervals: other numbers,other,52,0,0,2026-09-22,the same requests sent twice to the live Cloud Run service (README); compare-api on every number and label. Recipe and saved records: reports/reproducibility_runs/README.md; raw responses: reports/reproducibility_runs/api_responses/.
cloud_run_repeat,Ask Cloud Run the same question twice,"live Cloud Run service, two identical sets of requests one after the other",point forecasts and intervals: forecast and interval numbers,pp,72,0,0,2026-09-22,the same requests sent twice to the live Cloud Run service (README); compare-api on every number and label. Recipe and saved records: reports/reproducibility_runs/README.md; raw responses: reports/reproducibility_runs/api_responses/.
cloud_run_repeat,Ask Cloud Run the same question twice,"live Cloud Run service, two identical sets of requests one after the other",point forecasts and intervals: labels,labels,57,0,,2026-09-22,the same requests sent twice to the live Cloud Run service (README); compare-api on every number and label. Recipe and saved records: reports/reproducibility_runs/README.md; raw responses: reports/reproducibility_runs/api_responses/.
cloud_run_repeat,Ask Cloud Run the same question twice,"live Cloud Run service, two identical sets of requests one after the other",trimmed-mean forecasts and intervals: other numbers,other,52,0,0,2026-09-22,the same requests sent twice to the live Cloud Run service (README); compare-api on every number and label. Recipe and saved records: reports/reproducibility_runs/README.md; raw responses: reports/reproducibility_runs/api_responses/.
cloud_run_repeat,Ask Cloud Run the same question twice,"live Cloud Run service, two identical sets of requests one after the other",trimmed-mean forecasts and intervals: forecast and interval numbers,pp,72,0,0,2026-09-22,the same requests sent twice to the live Cloud Run service (README); compare-api on every number and label. Recipe and saved records: reports/reproducibility_runs/README.md; raw responses: reports/reproducibility_runs/api_responses/.
cloud_run_repeat,Ask Cloud Run the same question twice,"live Cloud Run service, two identical sets of requests one after the other",trimmed-mean forecasts and intervals: labels,labels,57,0,,2026-09-22,the same requests sent twice to the live Cloud Run service (README); compare-api on every number and label. Recipe and saved records: reports/reproducibility_runs/README.md; raw responses: reports/reproducibility_runs/api_responses/.
cloud_run_repeat,Ask Cloud Run the same question twice,"live Cloud Run service, two identical sets of requests one after the other",credit stress test: labels,labels,8,0,,2026-09-22,the same requests sent twice to the live Cloud Run service (README); compare-api on every number and label. Recipe and saved records: reports/reproducibility_runs/README.md; raw responses: reports/reproducibility_runs/api_responses/.
cloud_run_repeat,Ask Cloud Run the same question twice,"live Cloud Run service, two identical sets of requests one after the other",credit stress test: numbers,mixed,31,0,0,2026-09-22,the same requests sent twice to the live Cloud Run service (README); compare-api on every number and label. Recipe and saved records: reports/reproducibility_runs/README.md; raw responses: reports/reproducibility_runs/api_responses/.
cloud_run_repeat,Ask Cloud Run the same question twice,"live Cloud Run service, two identical sets of requests one after the other",scenario forecast (simulated): labels,labels,8,0,,2026-09-22,the same requests sent twice to the live Cloud Run service (README); compare-api on every number and label. Recipe and saved records: reports/reproducibility_runs/README.md; raw responses: reports/reproducibility_runs/api_responses/.
cloud_run_repeat,Ask Cloud Run the same question twice,"live Cloud Run service, two identical sets of requests one after the other",scenario forecast (simulated): forecast and interval numbers,pp,12,0,0,2026-09-22,the same requests sent twice to the live Cloud Run service (README); compare-api on every number and label. Recipe and saved records: reports/reproducibility_runs/README.md; raw responses: reports/reproducibility_runs/api_responses/.
cloud_run_repeat,Ask Cloud Run the same question twice,"live Cloud Run service, two identical sets of requests one after the other",scenario forecast (simulated): other numbers,other,6,0,0,2026-09-22,the same requests sent twice to the live Cloud Run service (README); compare-api on every number and label. Recipe and saved records: reports/reproducibility_runs/README.md; raw responses: reports/reproducibility_runs/api_responses/.
cloud_run_repeat,Ask Cloud Run the same question twice,"live Cloud Run service, two identical sets of requests one after the other",RBA action readings (simulated): labels,labels,45,0,,2026-09-22,the same requests sent twice to the live Cloud Run service (README); compare-api on every number and label. Recipe and saved records: reports/reproducibility_runs/README.md; raw responses: reports/reproducibility_runs/api_responses/.
cloud_run_repeat,Ask Cloud Run the same question twice,"live Cloud Run service, two identical sets of requests one after the other",RBA action readings (simulated): forecasts,pp,2,0,0,2026-09-22,the same requests sent twice to the live Cloud Run service (README); compare-api on every number and label. Recipe and saved records: reports/reproducibility_runs/README.md; raw responses: reports/reproducibility_runs/api_responses/.
cloud_run_repeat,Ask Cloud Run the same question twice,"live Cloud Run service, two identical sets of requests one after the other",RBA action readings (simulated): probabilities,probability,16,0,0,2026-09-22,the same requests sent twice to the live Cloud Run service (README); compare-api on every number and label. Recipe and saved records: reports/reproducibility_runs/README.md; raw responses: reports/reproducibility_runs/api_responses/.
other_cpu,Serve the same models on other CPU arithmetic,"same machine, OpenBLAS forced to the Sandy Bridge kernel (AVX, no FMA), saved runs",point forecasts and intervals: other numbers,other,52,0,0,2026-09-22,"restored runs served twice from a scratch copy, once normally and once with OPENBLAS_CORETYPE=SANDYBRIDGE; the same requests to both; compare-api on every number and label. Recipe and saved records: reports/reproducibility_runs/README.md; raw responses: reports/reproducibility_runs/api_responses/."
other_cpu,Serve the same models on other CPU arithmetic,"same machine, OpenBLAS forced to the Sandy Bridge kernel (AVX, no FMA), saved runs",point forecasts and intervals: forecast and interval numbers,pp,72,32,1.0585e-10,2026-09-22,"restored runs served twice from a scratch copy, once normally and once with OPENBLAS_CORETYPE=SANDYBRIDGE; the same requests to both; compare-api on every number and label. Recipe and saved records: reports/reproducibility_runs/README.md; raw responses: reports/reproducibility_runs/api_responses/."
other_cpu,Serve the same models on other CPU arithmetic,"same machine, OpenBLAS forced to the Sandy Bridge kernel (AVX, no FMA), saved runs",point forecasts and intervals: labels,labels,57,0,,2026-09-22,"restored runs served twice from a scratch copy, once normally and once with OPENBLAS_CORETYPE=SANDYBRIDGE; the same requests to both; compare-api on every number and label. Recipe and saved records: reports/reproducibility_runs/README.md; raw responses: reports/reproducibility_runs/api_responses/."
other_cpu,Serve the same models on other CPU arithmetic,"same machine, OpenBLAS forced to the Sandy Bridge kernel (AVX, no FMA), saved runs",trimmed-mean forecasts and intervals: other numbers,other,52,0,0,2026-09-22,"restored runs served twice from a scratch copy, once normally and once with OPENBLAS_CORETYPE=SANDYBRIDGE; the same requests to both; compare-api on every number and label. Recipe and saved records: reports/reproducibility_runs/README.md; raw responses: reports/reproducibility_runs/api_responses/."
other_cpu,Serve the same models on other CPU arithmetic,"same machine, OpenBLAS forced to the Sandy Bridge kernel (AVX, no FMA), saved runs",trimmed-mean forecasts and intervals: forecast and interval numbers,pp,72,32,8.7848e-11,2026-09-22,"restored runs served twice from a scratch copy, once normally and once with OPENBLAS_CORETYPE=SANDYBRIDGE; the same requests to both; compare-api on every number and label. Recipe and saved records: reports/reproducibility_runs/README.md; raw responses: reports/reproducibility_runs/api_responses/."
other_cpu,Serve the same models on other CPU arithmetic,"same machine, OpenBLAS forced to the Sandy Bridge kernel (AVX, no FMA), saved runs",trimmed-mean forecasts and intervals: labels,labels,57,0,,2026-09-22,"restored runs served twice from a scratch copy, once normally and once with OPENBLAS_CORETYPE=SANDYBRIDGE; the same requests to both; compare-api on every number and label. Recipe and saved records: reports/reproducibility_runs/README.md; raw responses: reports/reproducibility_runs/api_responses/."
other_cpu,Serve the same models on other CPU arithmetic,"same machine, OpenBLAS forced to the Sandy Bridge kernel (AVX, no FMA), saved runs",credit stress test: labels,labels,8,0,,2026-09-22,"restored runs served twice from a scratch copy, once normally and once with OPENBLAS_CORETYPE=SANDYBRIDGE; the same requests to both; compare-api on every number and label. Recipe and saved records: reports/reproducibility_runs/README.md; raw responses: reports/reproducibility_runs/api_responses/."
other_cpu,Serve the same models on other CPU arithmetic,"same machine, OpenBLAS forced to the Sandy Bridge kernel (AVX, no FMA), saved runs",credit stress test: numbers,mixed,31,11,3.63798e-12,2026-09-22,"restored runs served twice from a scratch copy, once normally and once with OPENBLAS_CORETYPE=SANDYBRIDGE; the same requests to both; compare-api on every number and label. Recipe and saved records: reports/reproducibility_runs/README.md; raw responses: reports/reproducibility_runs/api_responses/."
other_cpu,Serve the same models on other CPU arithmetic,"same machine, OpenBLAS forced to the Sandy Bridge kernel (AVX, no FMA), saved runs",scenario forecast (simulated): labels,labels,8,0,,2026-09-22,"restored runs served twice from a scratch copy, once normally and once with OPENBLAS_CORETYPE=SANDYBRIDGE; the same requests to both; compare-api on every number and label. Recipe and saved records: reports/reproducibility_runs/README.md; raw responses: reports/reproducibility_runs/api_responses/."
other_cpu,Serve the same models on other CPU arithmetic,"same machine, OpenBLAS forced to the Sandy Bridge kernel (AVX, no FMA), saved runs",scenario forecast (simulated): forecast and interval numbers,pp,12,12,0.0189259,2026-09-22,"restored runs served twice from a scratch copy, once normally and once with OPENBLAS_CORETYPE=SANDYBRIDGE; the same requests to both; compare-api on every number and label. Recipe and saved records: reports/reproducibility_runs/README.md; raw responses: reports/reproducibility_runs/api_responses/."
other_cpu,Serve the same models on other CPU arithmetic,"same machine, OpenBLAS forced to the Sandy Bridge kernel (AVX, no FMA), saved runs",scenario forecast (simulated): other numbers,other,6,1,3.55271e-15,2026-09-22,"restored runs served twice from a scratch copy, once normally and once with OPENBLAS_CORETYPE=SANDYBRIDGE; the same requests to both; compare-api on every number and label. Recipe and saved records: reports/reproducibility_runs/README.md; raw responses: reports/reproducibility_runs/api_responses/."
other_cpu,Serve the same models on other CPU arithmetic,"same machine, OpenBLAS forced to the Sandy Bridge kernel (AVX, no FMA), saved runs",RBA action readings (simulated): labels,labels,45,0,,2026-09-22,"restored runs served twice from a scratch copy, once normally and once with OPENBLAS_CORETYPE=SANDYBRIDGE; the same requests to both; compare-api on every number and label. Recipe and saved records: reports/reproducibility_runs/README.md; raw responses: reports/reproducibility_runs/api_responses/."
other_cpu,Serve the same models on other CPU arithmetic,"same machine, OpenBLAS forced to the Sandy Bridge kernel (AVX, no FMA), saved runs",RBA action readings (simulated): forecasts,pp,2,0,0,2026-09-22,"restored runs served twice from a scratch copy, once normally and once with OPENBLAS_CORETYPE=SANDYBRIDGE; the same requests to both; compare-api on every number and label. Recipe and saved records: reports/reproducibility_runs/README.md; raw responses: reports/reproducibility_runs/api_responses/."
other_cpu,Serve the same models on other CPU arithmetic,"same machine, OpenBLAS forced to the Sandy Bridge kernel (AVX, no FMA), saved runs",RBA action readings (simulated): probabilities,probability,16,12,0.005,2026-09-22,"restored runs served twice from a scratch copy, once normally and once with OPENBLAS_CORETYPE=SANDYBRIDGE; the same requests to both; compare-api on every number and label. Recipe and saved records: reports/reproducibility_runs/README.md; raw responses: reports/reproducibility_runs/api_responses/."
cloud_run,Serve from Cloud Run instead of locally,live Cloud Run service (redeployed 2026-09-21 from an image built with unpinned packages) vs the local API on saved runs,point forecasts and intervals: other numbers,other,52,0,0,2026-09-22,the same requests sent to a local uvicorn on the restored runs and to the live Cloud Run service (README); compare-api on every number and label. Recipe and saved records: reports/reproducibility_runs/README.md; raw responses: reports/reproducibility_runs/api_responses/.
cloud_run,Serve from Cloud Run instead of locally,live Cloud Run service (redeployed 2026-09-21 from an image built with unpinned packages) vs the local API on saved runs,point forecasts and intervals: forecast and interval numbers,pp,72,32,1.9424e-10,2026-09-22,the same requests sent to a local uvicorn on the restored runs and to the live Cloud Run service (README); compare-api on every number and label. Recipe and saved records: reports/reproducibility_runs/README.md; raw responses: reports/reproducibility_runs/api_responses/.
cloud_run,Serve from Cloud Run instead of locally,live Cloud Run service (redeployed 2026-09-21 from an image built with unpinned packages) vs the local API on saved runs,point forecasts and intervals: labels,labels,57,0,,2026-09-22,the same requests sent to a local uvicorn on the restored runs and to the live Cloud Run service (README); compare-api on every number and label. Recipe and saved records: reports/reproducibility_runs/README.md; raw responses: reports/reproducibility_runs/api_responses/.
cloud_run,Serve from Cloud Run instead of locally,live Cloud Run service (redeployed 2026-09-21 from an image built with unpinned packages) vs the local API on saved runs,trimmed-mean forecasts and intervals: other numbers,other,52,0,0,2026-09-22,the same requests sent to a local uvicorn on the restored runs and to the live Cloud Run service (README); compare-api on every number and label. Recipe and saved records: reports/reproducibility_runs/README.md; raw responses: reports/reproducibility_runs/api_responses/.
cloud_run,Serve from Cloud Run instead of locally,live Cloud Run service (redeployed 2026-09-21 from an image built with unpinned packages) vs the local API on saved runs,trimmed-mean forecasts and intervals: forecast and interval numbers,pp,72,32,1.57361e-09,2026-09-22,the same requests sent to a local uvicorn on the restored runs and to the live Cloud Run service (README); compare-api on every number and label. Recipe and saved records: reports/reproducibility_runs/README.md; raw responses: reports/reproducibility_runs/api_responses/.
cloud_run,Serve from Cloud Run instead of locally,live Cloud Run service (redeployed 2026-09-21 from an image built with unpinned packages) vs the local API on saved runs,trimmed-mean forecasts and intervals: labels,labels,57,0,,2026-09-22,the same requests sent to a local uvicorn on the restored runs and to the live Cloud Run service (README); compare-api on every number and label. Recipe and saved records: reports/reproducibility_runs/README.md; raw responses: reports/reproducibility_runs/api_responses/.
cloud_run,Serve from Cloud Run instead of locally,live Cloud Run service (redeployed 2026-09-21 from an image built with unpinned packages) vs the local API on saved runs,credit stress test: labels,labels,8,0,,2026-09-22,the same requests sent to a local uvicorn on the restored runs and to the live Cloud Run service (README); compare-api on every number and label. Recipe and saved records: reports/reproducibility_runs/README.md; raw responses: reports/reproducibility_runs/api_responses/.
cloud_run,Serve from Cloud Run instead of locally,live Cloud Run service (redeployed 2026-09-21 from an image built with unpinned packages) vs the local API on saved runs,credit stress test: numbers,mixed,31,13,5.00222e-12,2026-09-22,the same requests sent to a local uvicorn on the restored runs and to the live Cloud Run service (README); compare-api on every number and label. Recipe and saved records: reports/reproducibility_runs/README.md; raw responses: reports/reproducibility_runs/api_responses/.
cloud_run,Serve from Cloud Run instead of locally,live Cloud Run service (redeployed 2026-09-21 from an image built with unpinned packages) vs the local API on saved runs,scenario forecast (simulated): labels,labels,8,0,,2026-09-22,the same requests sent to a local uvicorn on the restored runs and to the live Cloud Run service (README); compare-api on every number and label. Recipe and saved records: reports/reproducibility_runs/README.md; raw responses: reports/reproducibility_runs/api_responses/.
cloud_run,Serve from Cloud Run instead of locally,live Cloud Run service (redeployed 2026-09-21 from an image built with unpinned packages) vs the local API on saved runs,scenario forecast (simulated): forecast and interval numbers,pp,12,12,0.0305666,2026-09-22,the same requests sent to a local uvicorn on the restored runs and to the live Cloud Run service (README); compare-api on every number and label. Recipe and saved records: reports/reproducibility_runs/README.md; raw responses: reports/reproducibility_runs/api_responses/.
cloud_run,Serve from Cloud Run instead of locally,live Cloud Run service (redeployed 2026-09-21 from an image built with unpinned packages) vs the local API on saved runs,scenario forecast (simulated): other numbers,other,6,1,4.44089e-15,2026-09-22,the same requests sent to a local uvicorn on the restored runs and to the live Cloud Run service (README); compare-api on every number and label. Recipe and saved records: reports/reproducibility_runs/README.md; raw responses: reports/reproducibility_runs/api_responses/.
cloud_run,Serve from Cloud Run instead of locally,live Cloud Run service (redeployed 2026-09-21 from an image built with unpinned packages) vs the local API on saved runs,RBA action readings (simulated): labels,labels,45,0,,2026-09-22,the same requests sent to a local uvicorn on the restored runs and to the live Cloud Run service (README); compare-api on every number and label. Recipe and saved records: reports/reproducibility_runs/README.md; raw responses: reports/reproducibility_runs/api_responses/.
cloud_run,Serve from Cloud Run instead of locally,live Cloud Run service (redeployed 2026-09-21 from an image built with unpinned packages) vs the local API on saved runs,RBA action readings (simulated): forecasts,pp,2,0,0,2026-09-22,the same requests sent to a local uvicorn on the restored runs and to the live Cloud Run service (README); compare-api on every number and label. Recipe and saved records: reports/reproducibility_runs/README.md; raw responses: reports/reproducibility_runs/api_responses/.
cloud_run,Serve from Cloud Run instead of locally,live Cloud Run service (redeployed 2026-09-21 from an image built with unpinned packages) vs the local API on saved runs,RBA action readings (simulated): probabilities,probability,16,10,0.002,2026-09-22,the same requests sent to a local uvicorn on the restored runs and to the live Cloud Run service (README); compare-api on every number and label. Recipe and saved records: reports/reproducibility_runs/README.md; raw responses: reports/reproducibility_runs/api_responses/.
classifier_cpu,Rerun the RBA classifier on other CPU arithmetic,"same machine, OpenBLAS forced to three other CPU kernels (Sandy Bridge, Nehalem, Prescott) vs the default Haswell kernel","RBA classifier calls, all models compared",calls,861,0,,2026-09-22,OPENBLAS_CORETYPE=<kernel> python scripts/repro_rba_predictions.py <dir> for each kernel; compare-classifier of the 41-quarter predictions of all seven models and of the first-vs-last-fold cut-offs against the default run (whose report matches the checked-in one byte for byte). Saved runs: reports/reproducibility_runs/rba_classifier_runs/. Recipe and saved records: reports/reproducibility_runs/README.md.
classifier_cpu,Rerun the RBA classifier on other CPU arithmetic,"same machine, OpenBLAS forced to three other CPU kernels (Sandy Bridge, Nehalem, Prescott) vs the default Haswell kernel","RBA classifier calls, ordered logit and probit",calls,246,0,,2026-09-22,OPENBLAS_CORETYPE=<kernel> python scripts/repro_rba_predictions.py <dir> for each kernel; compare-classifier of the 41-quarter predictions of all seven models and of the first-vs-last-fold cut-offs against the default run (whose report matches the checked-in one byte for byte). Saved runs: reports/reproducibility_runs/rba_classifier_runs/. Recipe and saved records: reports/reproducibility_runs/README.md.
classifier_cpu,Rerun the RBA classifier on other CPU arithmetic,"same machine, OpenBLAS forced to three other CPU kernels (Sandy Bridge, Nehalem, Prescott) vs the default Haswell kernel","RBA classifier probabilities, threshold model (simulated)",probability,369,35,0.047,2026-09-22,OPENBLAS_CORETYPE=<kernel> python scripts/repro_rba_predictions.py <dir> for each kernel; compare-classifier of the 41-quarter predictions of all seven models and of the first-vs-last-fold cut-offs against the default run (whose report matches the checked-in one byte for byte). Saved runs: reports/reproducibility_runs/rba_classifier_runs/. Recipe and saved records: reports/reproducibility_runs/README.md.
classifier_cpu,Rerun the RBA classifier on other CPU arithmetic,"same machine, OpenBLAS forced to three other CPU kernels (Sandy Bridge, Nehalem, Prescott) vs the default Haswell kernel","RBA classifier probabilities, ordered logit and probit",probability,738,708,2.51076e-09,2026-09-22,OPENBLAS_CORETYPE=<kernel> python scripts/repro_rba_predictions.py <dir> for each kernel; compare-classifier of the 41-quarter predictions of all seven models and of the first-vs-last-fold cut-offs against the default run (whose report matches the checked-in one byte for byte). Saved runs: reports/reproducibility_runs/rba_classifier_runs/. Recipe and saved records: reports/reproducibility_runs/README.md.
classifier_cpu,Rerun the RBA classifier on other CPU arithmetic,"same machine, OpenBLAS forced to three other CPU kernels (Sandy Bridge, Nehalem, Prescott) vs the default Haswell kernel","RBA classifier probabilities, other models",probability,369,96,2.22045e-16,2026-09-22,OPENBLAS_CORETYPE=<kernel> python scripts/repro_rba_predictions.py <dir> for each kernel; compare-classifier of the 41-quarter predictions of all seven models and of the first-vs-last-fold cut-offs against the default run (whose report matches the checked-in one byte for byte). Saved runs: reports/reproducibility_runs/rba_classifier_runs/. Recipe and saved records: reports/reproducibility_runs/README.md.
classifier_cpu,Rerun the RBA classifier on other CPU arithmetic,"same machine, OpenBLAS forced to three other CPU kernels (Sandy Bridge, Nehalem, Prescott) vs the default Haswell kernel","ordered logit cut-offs, first fold vs last",cut-offs,6,6,24.938,2026-09-22,OPENBLAS_CORETYPE=<kernel> python scripts/repro_rba_predictions.py <dir> for each kernel; compare-classifier of the 41-quarter predictions of all seven models and of the first-vs-last-fold cut-offs against the default run (whose report matches the checked-in one byte for byte). Saved runs: reports/reproducibility_runs/rba_classifier_runs/. Recipe and saved records: reports/reproducibility_runs/README.md.
classifier_env,"Rerun the RBA classifier, against the earlier committed report","report committed 2026-09-19 (c3e1bb5) in an environment that was not recorded, vs a rerun here; the report's inputs (backtest predictions, curated data) and its prediction code are unchanged since then (checked with git); the current report describes the difference as a rerun on a different machine","RBA classifier calls, all models compared",calls,164,4,,2026-09-22,predictions table of git show 5cbea9a^:reports/rba_classifier_evaluation.md vs the default-kernel run from scripts/repro_rba_predictions.py (saved in reports/reproducibility_runs/rba_classifier_runs/default); the older report carried four of the seven models. Recipe and saved records: reports/reproducibility_runs/README.md.
classifier_env,"Rerun the RBA classifier, against the earlier committed report","report committed 2026-09-19 (c3e1bb5) in an environment that was not recorded, vs a rerun here; the report's inputs (backtest predictions, curated data) and its prediction code are unchanged since then (checked with git); the current report describes the difference as a rerun on a different machine","RBA classifier calls, ordered logit and probit",calls,82,4,,2026-09-22,predictions table of git show 5cbea9a^:reports/rba_classifier_evaluation.md vs the default-kernel run from scripts/repro_rba_predictions.py (saved in reports/reproducibility_runs/rba_classifier_runs/default); the older report carried four of the seven models. Recipe and saved records: reports/reproducibility_runs/README.md.
new_data,Download the data again,"ABS household spending, download of 2026-08-24 (UTC) vs 2026-09-03 (UTC), timestamps from dataset/download_manifest.json; both files are in git history",household_spending monthly values,values,162,161,181.1,2026-09-22,"python -m src.reproducibility_check data-vintages: git show of dataset/abs/household_spending_1995_2025.csv at 31ea9a5 and household_spending_1995_2026.csv at 962221a, matched by month. Recipe and saved records: reports/reproducibility_runs/README.md."
new_data,Download the data again,"ABS household spending, download of 2026-08-24 (UTC) vs 2026-09-03 (UTC), timestamps from dataset/download_manifest.json; both files are in git history","household_spending monthly values, relative",share,162,161,0.00234806,2026-09-22,"python -m src.reproducibility_check data-vintages: git show of dataset/abs/household_spending_1995_2025.csv at 31ea9a5 and household_spending_1995_2026.csv at 962221a, matched by month. Recipe and saved records: reports/reproducibility_runs/README.md."
