quarter,variable,value,variable_label,value_standardized
2010Q2,aud_usd_change,-2.425186338858598,AUD/USD Exchange Rate Change,-0.5434289120548101
2010Q3,aud_usd_change,4.7809067761182655,AUD/USD Exchange Rate Change,1.4131848997959147
2010Q4,aud_usd_change,7.148815784701323,AUD/USD Exchange Rate Change,2.0561246172650307
2011Q1,aud_usd_change,2.975424818901895,AUD/USD Exchange Rate Change,0.9229565779893664
2011Q2,aud_usd_change,6.334440024982735,AUD/USD Exchange Rate Change,1.835003569551934
2011Q3,aud_usd_change,-2.850253493260801,AUD/USD Exchange Rate Change,-0.658844054767701
2011Q4,aud_usd_change,-2.354738114936672,AUD/USD Exchange Rate Change,-0.5243006596513667
2012Q1,aud_usd_change,3.809554845858054,AUD/USD Exchange Rate Change,1.1494413465846829
2012Q2,aud_usd_change,-4.658609323497109,AUD/USD Exchange Rate Change,-1.1498526967220182
2012Q3,aud_usd_change,3.029205492081277,AUD/USD Exchange Rate Change,0.9375592213738526
2012Q4,aud_usd_change,-0.3131890959061745,AUD/USD Exchange Rate Change,0.03002509557698411
2013Q1,aud_usd_change,-0.314173051646216,AUD/USD Exchange Rate Change,0.02975792981038949
2013Q2,aud_usd_change,-5.798359864930058,AUD/USD Exchange Rate Change,-1.459320200936916
2013Q3,aud_usd_change,-6.824388911648227,AUD/USD Exchange Rate Change,-1.7379098017285577
2013Q4,aud_usd_change,0.8500348074597985,AUD/USD Exchange Rate Change,0.3458661372186009
2014Q1,aud_usd_change,-2.158038147138952,AUD/USD Exchange Rate Change,-0.47089226377819643
2014Q2,aud_usd_change,4.065946307229584,AUD/USD Exchange Rate Change,1.219057304435338
2014Q3,aud_usd_change,-2.14443730821382,AUD/USD Exchange Rate Change,-0.4671993349096586
2014Q4,aud_usd_change,-7.026435733819502,AUD/USD Exchange Rate Change,-1.792769986934773
2015Q1,aud_usd_change,-8.98501843281826,AUD/USD Exchange Rate Change,-2.3245685495356594
2015Q2,aud_usd_change,0.5041582281208212,AUD/USD Exchange Rate Change,0.2519529887853949
2015Q3,aud_usd_change,-8.021780140627676,AUD/USD Exchange Rate Change,-2.0630280286830294
2015Q4,aud_usd_change,0.6572507341630507,AUD/USD Exchange Rate Change,0.2935209933939543
2016Q1,aud_usd_change,1.403167546540729,AUD/USD Exchange Rate Change,0.4960539213346887
2016Q2,aud_usd_change,1.9454719824633315,AUD/USD Exchange Rate Change,0.6433015814223404
2016Q3,aud_usd_change,1.5365318281592932,AUD/USD Exchange Rate Change,0.5322652762615491
2016Q4,aud_usd_change,-1.5132798023471228,AUD/USD Exchange Rate Change,-0.29582609927030756
2017Q1,aud_usd_change,2.580298346996379,AUD/USD Exchange Rate Change,0.8156709934121454
2017Q2,aud_usd_change,-1.2314948251015312,AUD/USD Exchange Rate Change,-0.2193152396888689
2017Q3,aud_usd_change,4.894548348587313,AUD/USD Exchange Rate Change,1.4440411025601065
2017Q4,aud_usd_change,-2.8072837632776797,AUD/USD Exchange Rate Change,-0.6471768217976284
2018Q1,aud_usd_change,2.047011883077432,AUD/USD Exchange Rate Change,0.6708719123666605
2018Q2,aud_usd_change,-4.2711432214194485,AUD/USD Exchange Rate Change,-1.044647072141139
2018Q3,aud_usd_change,-2.716981132075469,AUD/USD Exchange Rate Change,-0.6226576582734313
2018Q4,aud_usd_change,-2.071829507598233,AUD/USD Exchange Rate Change,-0.4474847096243846
2019Q1,aud_usd_change,0.1957220746539922,AUD/USD Exchange Rate Change,0.1682057448463683
2019Q2,aud_usd_change,-2.4789544672340846,AUD/USD Exchange Rate Change,-0.5580281492473173
2019Q3,aud_usd_change,-2.894887447539085,AUD/USD Exchange Rate Change,-0.6709631614771187
2019Q4,aud_usd_change,1.709149845292468,AUD/USD Exchange Rate Change,0.579134889394232
2020Q1,aud_usd_change,-6.209860447148586,AUD/USD Exchange Rate Change,-1.5710517189601843
2020Q2,aud_usd_change,3.423775935746276,AUD/USD Exchange Rate Change,1.0446938319742158
2020Q3,aud_usd_change,7.900238948626059,AUD/USD Exchange Rate Change,2.260152641552423
2020Q4,aud_usd_change,2.14071510957321,AUD/USD Exchange Rate Change,0.6963144127966879
2021Q1,aud_usd_change,4.232350151316688,AUD/USD Exchange Rate Change,1.264239632014369
2021Q2,aud_usd_change,-0.2470098803952214,AUD/USD Exchange Rate Change,0.04799421768797314
2021Q3,aud_usd_change,-4.765628393935439,AUD/USD Exchange Rate Change,-1.1789107435734896
2021Q4,aud_usd_change,0.1094790621293917,AUD/USD Exchange Rate Change,0.14478885766647093
2022Q1,aud_usd_change,-1.2348491752483537,AUD/USD Exchange Rate Change,-0.22022602001356606
2022Q2,aud_usd_change,-2.0807381776240086,AUD/USD Exchange Rate Change,-0.4499036107597898
2022Q3,aud_usd_change,-3.830569166980768,AUD/USD Exchange Rate Change,-0.9250214627708995
2022Q4,aud_usd_change,-2.537847239233748,AUD/USD Exchange Rate Change,-0.5740188406350301
2023Q1,aud_usd_change,2.945759815010307,AUD/USD Exchange Rate Change,0.914901872698055
2023Q2,aud_usd_change,-3.6329898920845816,AUD/USD Exchange Rate Change,-0.8713743155540722
2023Q3,aud_usd_change,-0.5573853559665665,AUD/USD Exchange Rate Change,-0.03627959513585418
2023Q4,aud_usd_change,1.0649681528662525,AUD/USD Exchange Rate Change,0.4042252987697489
2024Q1,aud_usd_change,-1.0537460925683195,AUD/USD Exchange Rate Change,-0.17105252373941524
2024Q2,aud_usd_change,0.8203821656050936,AUD/USD Exchange Rate Change,0.33781478849397856
2024Q3,aud_usd_change,2.2389568381684155,AUD/USD Exchange Rate Change,0.7229892170217352
2024Q4,aud_usd_change,-4.577586633051567,AUD/USD Exchange Rate Change,-1.1278532425559915
2025Q1,aud_usd_change,-3.0254364606537743,AUD/USD Exchange Rate Change,-0.7064101086797294
2025Q2,aud_usd_change,3.648699182648629,AUD/USD Exchange Rate Change,1.1057654729416067
2025Q3,aud_usd_change,1.0669003195546978,AUD/USD Exchange Rate Change,0.4047499248006772
2025Q4,aud_usd_change,0.8567494517823349,AUD/USD Exchange Rate Change,0.3476893118034302
2007Q4,brent_growth,19.41289354686017,Brent Oil Price Growth,1.2054989206666065
2008Q1,brent_growth,9.103871986332448,Brent Oil Price Growth,0.5299615131074727
2008Q2,brent_growth,27.191551134631343,Brent Oil Price Growth,1.715224712807071
2008Q3,brent_growth,-4.716349014034716,Brent Oil Price Growth,-0.3756604425424497
2008Q4,brent_growth,-50.62145394662618,Brent Oil Price Growth,-3.3837650815539324
2009Q1,brent_growth,-19.86782314061809,Brent Oil Price Growth,-1.368517765817605
2009Q2,brent_growth,34.27732329095359,Brent Oil Price Growth,2.1795465812726937
2009Q3,brent_growth,11.24504069163419,Brent Oil Price Growth,0.6702696449542976
2009Q4,brent_growth,9.336872933401686,Brent Oil Price Growth,0.5452297764259479
2010Q1,brent_growth,2.5393003176199302,Brent Oil Price Growth,0.09979326670493233
2010Q2,brent_growth,2.44054838629133,Brent Oil Price Growth,0.09332217502183712
2010Q3,brent_growth,-2.877791259134599,Brent Oil Price Growth,-0.2551820312693059
2010Q4,brent_growth,13.375201894280496,Brent Oil Price Growth,0.8098564687929966
2011Q1,brent_growth,20.86603679563705,Brent Oil Price Growth,1.3007215969727115
2011Q2,brent_growth,10.71070517112256,Brent Oil Price Growth,0.6352553004625486
2011Q3,brent_growth,-4.09733826134937,Brent Oil Price Growth,-0.33509743501888406
2011Q4,brent_growth,-2.64227437936001,Brent Oil Price Growth,-0.2397489019984813
2012Q1,brent_growth,8.593039509723832,Brent Oil Price Growth,0.4964872939568891
2012Q2,brent_growth,-8.22573210244234,Brent Oil Price Growth,-0.605625967374798
2012Q3,brent_growth,0.4528032588093866,Brent Oil Price Growth,-0.03693229989835244
2012Q4,brent_growth,0.7772888846734327,Brent Oil Price Growth,-0.01566915894948633
2013Q1,brent_growth,2.2521197609710164,Brent Oil Price Growth,0.08097468071197945
2013Q2,brent_growth,-8.254474751763198,Brent Oil Price Growth,-0.6075094375658915
2013Q3,brent_growth,6.176323900562175,Brent Oil Price Growth,0.33812291496754243
2013Q4,brent_growth,-0.2795669690546232,Brent Oil Price Growth,-0.08492361335132567
2014Q1,brent_growth,-1.3687334092800318,Brent Oil Price Growth,-0.15629534044592086
2014Q2,brent_growth,1.7213709728663096,Brent Oil Price Growth,0.04619537035005101
2014Q3,brent_growth,-5.912418542016084,Brent Oil Price Growth,-0.45403739649962516
2014Q4,brent_growth,-25.366672714538385,Brent Oil Price Growth,-1.7288505640287293
2015Q1,brent_growth,-28.60137633125125,Brent Oil Price Growth,-1.940816683473386
2015Q2,brent_growth,15.207723031571629,Brent Oil Price Growth,0.9299393079950127
2015Q3,brent_growth,-19.269162063223245,Brent Oil Price Growth,-1.3292882472977925
2015Q4,brent_growth,-12.778020175997074,Brent Oil Price Growth,-0.9039317634792836
2016Q1,brent_growth,-20.758948751704352,Brent Oil Price Growth,-1.4269121227978758
2016Q2,brent_growth,33.05160105380382,Brent Oil Price Growth,2.099226522030394
2016Q3,brent_growth,-0.238377703627568,Brent Oil Price Growth,-0.08222453183107774
2016Q4,brent_growth,8.7797685532653,Brent Oil Price Growth,0.5087234167789605
2017Q1,brent_growth,6.70315819494347,Brent Oil Price Growth,0.37264571340675406
2017Q2,brent_growth,-6.84903917582651,Brent Oil Price Growth,-0.5154129859399773
2017Q3,brent_growth,2.854167981121169,Brent Oil Price Growth,0.12042615449908106
2017Q4,brent_growth,17.647541384355648,Brent Oil Price Growth,1.0898175811442
2018Q1,brent_growth,9.44139333943652,Brent Oil Price Growth,0.5520788691080458
2018Q2,brent_growth,11.573705723555229,Brent Oil Price Growth,0.6918066572028115
2018Q3,brent_growth,1.047459899752767,Brent Oil Price Growth,0.002034812863234408
2018Q4,brent_growth,-9.165730365677328,Brent Oil Price Growth,-0.6672228886856645
2019Q1,brent_growth,-7.339207951476457,Brent Oil Price Growth,-0.5475331383739246
2019Q2,brent_growth,7.286518178142654,Brent Oil Price Growth,0.41087257018557943
2019Q3,brent_growth,-9.319343078429664,Brent Oil Price Growth,-0.6772889393900465
2019Q4,brent_growth,0.5329732460670256,Brent Oil Price Growth,-0.03167885998282841
2020Q1,brent_growth,-19.10106908054887,Brent Oil Price Growth,-1.3182733224498793
2020Q2,brent_growth,-33.91878736151715,Brent Oil Price Growth,-2.2892600387638646
2020Q3,brent_growth,30.036734482747303,Brent Oil Price Growth,1.901666051757795
2020Q4,brent_growth,4.25693659424955,Brent Oil Price Growth,0.21234784335716106
2021Q1,brent_growth,35.77051934340651,Brent Oil Price Growth,2.2773938681688466
2021Q2,brent_growth,12.515611799317329,Brent Oil Price Growth,0.7535285951043512
2021Q3,brent_growth,5.938070528229056,Brent Oil Price Growth,0.32251046673051526
2021Q4,brent_growth,8.878313189642405,Brent Oil Price Growth,0.5151809246807715
2022Q1,brent_growth,23.151190015245927,Brent Oil Price Growth,1.4504648556114068
2022Q2,brent_growth,13.920342767324012,Brent Oil Price Growth,0.8455788746457872
2022Q3,brent_growth,-12.79416201433038,Brent Oil Price Growth,-0.9049895181417311
2022Q4,brent_growth,-9.027735214374266,Brent Oil Price Growth,-0.6581802374292217
2023Q1,brent_growth,-7.499273879643519,Brent Oil Price Growth,-0.558022060287382
2023Q2,brent_growth,-5.203675442019973,Brent Oil Price Growth,-0.4075943394562671
2023Q3,brent_growth,10.62875931202194,Brent Oil Price Growth,0.6298854898658768
2023Q4,brent_growth,-3.692226802406717,Brent Oil Price Growth,-0.30855098314274604
2024Q1,brent_growth,-1.2879165308539495,Brent Oil Price Growth,-0.15099951055377905
2024Q2,brent_growth,4.002299521058772,Brent Oil Price Growth,0.1956617915061901
2024Q3,brent_growth,-7.604442147575896,Brent Oil Price Growth,-0.5649136065567726
2024Q4,brent_growth,-5.81135275216208,Brent Oil Price Growth,-0.44741468053477507
2025Q1,brent_growth,1.1686741562448866,Brent Oil Price Growth,0.009977832878191343
2025Q2,brent_growth,-11.137576873317055,Brent Oil Price Growth,-0.7964355467497227
2025Q3,brent_growth,2.43008896176653,Brent Oil Price Growth,0.09263678189441386
2025Q4,brent_growth,-7.470030181046972,Brent Oil Price Growth,-0.5561057569581704
1995Q1,cash_rate,7.5,Cash Rate,1.754455438468116
1995Q2,cash_rate,7.5,Cash Rate,1.754455438468116
1995Q3,cash_rate,7.5,Cash Rate,1.754455438468116
1995Q4,cash_rate,7.5,Cash Rate,1.754455438468116
1996Q1,cash_rate,7.5,Cash Rate,1.754455438468116
1996Q2,cash_rate,7.5,Cash Rate,1.754455438468116
1996Q3,cash_rate,7.0,Cash Rate,1.506682983697933
1996Q4,cash_rate,6.5,Cash Rate,1.2589105289277498
1997Q1,cash_rate,6.0,Cash Rate,1.0111380741575668
1997Q2,cash_rate,5.666666666666667,Cash Rate,0.8459564376441117
1997Q3,cash_rate,5.0,Cash Rate,0.5155931646172007
1997Q4,cash_rate,5.0,Cash Rate,0.5155931646172007
1998Q1,cash_rate,5.0,Cash Rate,0.5155931646172007
1998Q2,cash_rate,5.0,Cash Rate,0.5155931646172007
1998Q3,cash_rate,5.0,Cash Rate,0.5155931646172007
1998Q4,cash_rate,4.916666666666667,Cash Rate,0.47429775548883707
1999Q1,cash_rate,4.75,Cash Rate,0.39170693723210925
1999Q2,cash_rate,4.75,Cash Rate,0.39170693723210925
1999Q3,cash_rate,4.75,Cash Rate,0.39170693723210925
1999Q4,cash_rate,4.916666666666667,Cash Rate,0.47429775548883707
2000Q1,cash_rate,5.333333333333333,Cash Rate,0.680774801130656
2000Q2,cash_rate,5.916666666666667,Cash Rate,0.9698426650292031
2000Q3,cash_rate,6.166666666666667,Cash Rate,1.0937288924142947
2000Q4,cash_rate,6.25,Cash Rate,1.1350243015426584
2001Q1,cash_rate,5.833333333333333,Cash Rate,0.928547255900839
2001Q2,cash_rate,5.0,Cash Rate,0.5155931646172007
2001Q3,cash_rate,4.916666666666667,Cash Rate,0.47429775548883707
2001Q4,cash_rate,4.416666666666667,Cash Rate,0.22652530071865407
2002Q1,cash_rate,4.25,Cash Rate,0.14393448246192625
2002Q2,cash_rate,4.5,Cash Rate,0.2678207098470178
2002Q3,cash_rate,4.75,Cash Rate,0.39170693723210925
2002Q4,cash_rate,4.75,Cash Rate,0.39170693723210925
2003Q1,cash_rate,4.75,Cash Rate,0.39170693723210925
2003Q2,cash_rate,4.75,Cash Rate,0.39170693723210925
2003Q3,cash_rate,4.75,Cash Rate,0.39170693723210925
2003Q4,cash_rate,5.0,Cash Rate,0.5155931646172007
2004Q1,cash_rate,5.25,Cash Rate,0.6394793920022923
2004Q2,cash_rate,5.25,Cash Rate,0.6394793920022923
2004Q3,cash_rate,5.25,Cash Rate,0.6394793920022923
2004Q4,cash_rate,5.25,Cash Rate,0.6394793920022923
2005Q1,cash_rate,5.333333333333333,Cash Rate,0.680774801130656
2005Q2,cash_rate,5.5,Cash Rate,0.7633656193873838
2005Q3,cash_rate,5.5,Cash Rate,0.7633656193873838
2005Q4,cash_rate,5.5,Cash Rate,0.7633656193873838
2006Q1,cash_rate,5.5,Cash Rate,0.7633656193873838
2006Q2,cash_rate,5.666666666666667,Cash Rate,0.8459564376441117
2006Q3,cash_rate,5.916666666666667,Cash Rate,0.9698426650292031
2006Q4,cash_rate,6.166666666666667,Cash Rate,1.0937288924142947
2007Q1,cash_rate,6.25,Cash Rate,1.1350243015426584
2007Q2,cash_rate,6.25,Cash Rate,1.1350243015426584
2007Q3,cash_rate,6.416666666666667,Cash Rate,1.217615119799386
2007Q4,cash_rate,6.666666666666667,Cash Rate,1.3415013471844777
2008Q1,cash_rate,7.0,Cash Rate,1.506682983697933
2008Q2,cash_rate,7.25,Cash Rate,1.6305692110830243
2008Q3,cash_rate,7.166666666666667,Cash Rate,1.5892738019546606
2008Q4,cash_rate,5.166666666666667,Cash Rate,0.5981839828739286
2009Q1,cash_rate,3.583333333333333,Cash Rate,-0.1864287905649846
2009Q2,cash_rate,3.0,Cash Rate,-0.4754966544635313
2009Q3,cash_rate,3.0,Cash Rate,-0.4754966544635313
2009Q4,cash_rate,3.5,Cash Rate,-0.22772419969334828
2010Q1,cash_rate,3.8333333333333335,Cash Rate,-0.06254256317989287
2010Q2,cash_rate,4.416666666666667,Cash Rate,0.22652530071865407
2010Q3,cash_rate,4.5,Cash Rate,0.2678207098470178
2010Q4,cash_rate,4.666666666666667,Cash Rate,0.3504115281037456
2011Q1,cash_rate,4.75,Cash Rate,0.39170693723210925
2011Q2,cash_rate,4.75,Cash Rate,0.39170693723210925
2011Q3,cash_rate,4.75,Cash Rate,0.39170693723210925
2011Q4,cash_rate,4.5,Cash Rate,0.2678207098470178
2012Q1,cash_rate,4.25,Cash Rate,0.14393448246192625
2012Q2,cash_rate,3.8333333333333335,Cash Rate,-0.06254256317989287
2012Q3,cash_rate,3.5,Cash Rate,-0.22772419969334828
2012Q4,cash_rate,3.1666666666666665,Cash Rate,-0.3929058362068037
2013Q1,cash_rate,3.0,Cash Rate,-0.4754966544635313
2013Q2,cash_rate,2.833333333333333,Cash Rate,-0.5580874727202592
2013Q3,cash_rate,2.583333333333333,Cash Rate,-0.6819737001053506
2013Q4,cash_rate,2.5,Cash Rate,-0.7232691092337143
2014Q1,cash_rate,2.5,Cash Rate,-0.7232691092337143
2014Q2,cash_rate,2.5,Cash Rate,-0.7232691092337143
2014Q3,cash_rate,2.5,Cash Rate,-0.7232691092337143
2014Q4,cash_rate,2.5,Cash Rate,-0.7232691092337143
2015Q1,cash_rate,2.333333333333333,Cash Rate,-0.8058599274904421
2015Q2,cash_rate,2.083333333333333,Cash Rate,-0.9297461548755337
2015Q3,cash_rate,2.0,Cash Rate,-0.9710415640038974
2015Q4,cash_rate,2.0,Cash Rate,-0.9710415640038974
2016Q1,cash_rate,2.0,Cash Rate,-0.9710415640038974
2016Q2,cash_rate,1.8333333333333333,Cash Rate,-1.053632382260625
2016Q3,cash_rate,1.5833333333333333,Cash Rate,-1.1775186096457164
2016Q4,cash_rate,1.5,Cash Rate,-1.2188140187740804
2017Q1,cash_rate,1.5,Cash Rate,-1.2188140187740804
2017Q2,cash_rate,1.5,Cash Rate,-1.2188140187740804
2017Q3,cash_rate,1.5,Cash Rate,-1.2188140187740804
2017Q4,cash_rate,1.5,Cash Rate,-1.2188140187740804
2018Q1,cash_rate,1.5,Cash Rate,-1.2188140187740804
2018Q2,cash_rate,1.5,Cash Rate,-1.2188140187740804
2018Q3,cash_rate,1.5,Cash Rate,-1.2188140187740804
2018Q4,cash_rate,1.5,Cash Rate,-1.2188140187740804
2019Q1,cash_rate,1.5,Cash Rate,-1.2188140187740804
2019Q2,cash_rate,1.4166666666666667,Cash Rate,-1.2601094279024443
2019Q3,cash_rate,1.0,Cash Rate,-1.4665864735442633
2019Q4,cash_rate,0.75,Cash Rate,-1.5904727009293549
2020Q1,cash_rate,0.5833333333333334,Cash Rate,-1.6730635191860825
2020Q2,cash_rate,0.25,Cash Rate,-1.8382451556995378
2020Q3,cash_rate,0.25,Cash Rate,-1.8382451556995378
2020Q4,cash_rate,0.15,Cash Rate,-1.8877996466535747
2021Q1,cash_rate,0.1,Cash Rate,-1.9125768921305928
2021Q2,cash_rate,0.1,Cash Rate,-1.9125768921305928
2021Q3,cash_rate,0.1,Cash Rate,-1.9125768921305928
2021Q4,cash_rate,0.1,Cash Rate,-1.9125768921305928
2022Q1,cash_rate,0.1,Cash Rate,-1.9125768921305928
2022Q2,cash_rate,0.4333333333333333,Cash Rate,-1.7473952556171377
2022Q3,cash_rate,1.8500000000000003,Cash Rate,-1.0453733004349521
2022Q4,cash_rate,2.85,Cash Rate,-0.5498283908945861
2023Q1,cash_rate,3.35,Cash Rate,-0.3020559361244032
2023Q2,cash_rate,3.85,Cash Rate,-0.05428348135422013
2023Q3,cash_rate,4.1,Cash Rate,0.06960274603087116
2023Q4,cash_rate,4.266666666666667,Cash Rate,0.15219356428759898
2024Q1,cash_rate,4.35,Cash Rate,0.19348897341596266
2024Q2,cash_rate,4.35,Cash Rate,0.19348897341596266
2024Q3,cash_rate,4.35,Cash Rate,0.19348897341596266
2024Q4,cash_rate,4.35,Cash Rate,0.19348897341596266
2025Q1,cash_rate,4.183333333333333,Cash Rate,0.11089815515923485
2025Q2,cash_rate,3.9333333333333336,Cash Rate,-0.012988072225856219
2025Q3,cash_rate,3.6833333333333336,Cash Rate,-0.13687429961094774
2025Q4,cash_rate,3.6,Cash Rate,-0.17816970873931165
1995Q2,commodity_growth,3.382841665636493,Commodity Price Growth,0.30611531601980035
1995Q3,commodity_growth,-0.8938064897560549,Commodity Price Growth,-0.3073217632180613
1995Q4,commodity_growth,-1.8599152999239863,Commodity Price Growth,-0.44589920639352953
1996Q1,commodity_growth,-0.6156395648177493,Commodity Price Growth,-0.2674218463264719
1996Q2,commodity_growth,-3.633107154027193,Commodity Price Growth,-0.7002436351111164
1996Q3,commodity_growth,-1.151847215399271,Commodity Price Growth,-0.3443348031763282
1996Q4,commodity_growth,-1.5041237695896714,Commodity Price Growth,-0.39486491288714265
1997Q1,commodity_growth,2.5230584527495603,Commodity Price Growth,0.18278908395040228
1997Q2,commodity_growth,0.6310233973039203,Commodity Price Growth,-0.08860206539274144
1997Q3,commodity_growth,1.794368834527993,Commodity Price Growth,0.07826675365087807
1997Q4,commodity_growth,3.46653747163932,Commodity Price Growth,0.31812053808000046
1998Q1,commodity_growth,-1.4485628585691246,Commodity Price Growth,-0.3868953250843063
1998Q2,commodity_growth,1.9820113683453489,Commodity Price Growth,0.10518196474687833
1998Q3,commodity_growth,-0.3084406921504468,Commodity Price Growth,-0.22335762304998485
1998Q4,commodity_growth,-5.52895448545474,Commodity Price Growth,-0.9721816125679175
1999Q1,commodity_growth,-2.958554873128449,Commodity Price Growth,-0.6034866969781543
1999Q2,commodity_growth,-4.619253044896398,Commodity Price Growth,-0.8416951721599241
1999Q3,commodity_growth,3.27535642728336,Commodity Price Growth,0.2906977674441965
1999Q4,commodity_growth,3.6644247190156474,Commodity Price Growth,0.34650523811567885
2000Q1,commodity_growth,4.610879539643986,Commodity Price Growth,0.4822635375363967
2000Q2,commodity_growth,7.761795875235156,Commodity Price Growth,0.9342270481166809
2000Q3,commodity_growth,5.195949870427508,Commodity Price Growth,0.5661852963119044
2000Q4,commodity_growth,6.656090123022462,Commodity Price Growth,0.7756259936253047
2001Q1,commodity_growth,0.1707651259794662,Commodity Price Growth,-0.1546209379764798
2001Q2,commodity_growth,5.260153538904566,Commodity Price Growth,0.5753945904684183
2001Q3,commodity_growth,-0.2451626584911159,Commodity Price Growth,-0.21428110079763416
2001Q4,commodity_growth,-3.4745607266161493,Commodity Price Growth,-0.6775019332406943
2002Q1,commodity_growth,0.3662829533281897,Commodity Price Growth,-0.12657610459534221
2002Q2,commodity_growth,-4.126247193789601,Commodity Price Growth,-0.7709790275622467
2002Q3,commodity_growth,3.0057331060668435,Commodity Price Growth,0.25202333441820207
2002Q4,commodity_growth,2.253603364737611,Commodity Price Growth,0.14413878208551595
2003Q1,commodity_growth,-3.139855113167856,Commodity Price Growth,-0.6294921773622868
2003Q2,commodity_growth,-10.107471459182038,Commodity Price Growth,-1.6289183787343748
2003Q3,commodity_growth,-0.0294353360813515,Commodity Price Growth,-0.1833374426423601
2003Q4,commodity_growth,-1.8634989274839864,Commodity Price Growth,-0.4464132374626299
2004Q1,commodity_growth,0.814118379538531,Commodity Price Growth,-0.06233914942583318
2004Q2,commodity_growth,12.52351597103052,Commodity Price Growth,1.6172422416929275
2004Q3,commodity_growth,5.092712359200124,Commodity Price Growth,0.5513770364191054
2004Q4,commodity_growth,-2.1534770804269576,Commodity Price Growth,-0.48800734217284036
2005Q1,commodity_growth,1.3563447883670363,Commodity Price Growth,0.015437130602716915
2005Q2,commodity_growth,14.158764795518518,Commodity Price Growth,1.8518002942313856
2005Q3,commodity_growth,7.567463868883784,Commodity Price Growth,0.9063523074209089
2005Q4,commodity_growth,5.2989762375428295,Commodity Price Growth,0.580963269956526
2006Q1,commodity_growth,6.705298873092147,Commodity Price Growth,0.7826844353812931
2006Q2,commodity_growth,6.313179741215946,Commodity Price Growth,0.7264393560033885
2006Q3,commodity_growth,0.602687329145768,Commodity Price Growth,-0.09266655567962745
2006Q4,commodity_growth,-1.702912903034004,Commodity Price Growth,-0.42337897833593424
2007Q1,commodity_growth,-0.6273272415952658,Commodity Price Growth,-0.2690983121111158
2007Q2,commodity_growth,-0.3407144676483509,Commodity Price Growth,-0.2279869331681083
2007Q3,commodity_growth,-1.113391791074736,Commodity Price Growth,-0.3388188050578601
2007Q4,commodity_growth,2.118356522680487,Commodity Price Growth,0.12473914368808242
2008Q1,commodity_growth,6.903988590396604,Commodity Price Growth,0.8111842407029338
2008Q2,commodity_growth,15.738149307482583,Commodity Price Growth,2.078345239433646
2008Q3,commodity_growth,17.851882551299546,Commodity Price Growth,2.3815365005010483
2008Q4,commodity_growth,14.90974919556065,Commodity Price Growth,1.959520560237874
2009Q1,commodity_growth,-12.226711044564176,Commodity Price Growth,-1.9328994625705196
2009Q2,commodity_growth,-24.7415445647488,Commodity Price Growth,-3.728011579074636
2009Q3,commodity_growth,-7.030112074139739,Commodity Price Growth,-1.187505785429211
2009Q4,commodity_growth,-1.6694654675952991,Commodity Price Growth,-0.4185813198992343
2010Q1,commodity_growth,7.481341216852311,Commodity Price Growth,0.8939989815921779
2010Q2,commodity_growth,22.02043242076197,Commodity Price Growth,2.9794680963832167
2010Q3,commodity_growth,5.374532540573473,Commodity Price Growth,0.5918009718588173
2010Q4,commodity_growth,-5.036848199526778,Commodity Price Growth,-0.9015945004779046
2011Q1,commodity_growth,9.451037414364794,Commodity Price Growth,1.1765297483246293
2011Q2,commodity_growth,5.304383031710214,Commodity Price Growth,0.5817388137706454
2011Q3,commodity_growth,1.4237850225385706,Commodity Price Growth,0.025110673707061004
2011Q4,commodity_growth,-6.233018678383928,Commodity Price Growth,-1.073171702566752
2012Q1,commodity_growth,-7.299001004189232,Commodity Price Growth,-1.2260748783018547
2012Q2,commodity_growth,0.8053413303963142,Commodity Price Growth,-0.06359811841147199
2012Q3,commodity_growth,-8.919193688183203,Commodity Price Growth,-1.4584732968200096
2012Q4,commodity_growth,-6.272774557409599,Commodity Price Growth,-1.07887423628613
2013Q1,commodity_growth,7.440766315391745,Commodity Price Growth,0.8881789683159048
2013Q2,commodity_growth,-0.6425417651880427,Commodity Price Growth,-0.2712806644056295
2013Q3,commodity_growth,3.7708147808900314,Commodity Price Growth,0.36176569594264896
2013Q4,commodity_growth,-0.768402609954999,Commodity Price Growth,-0.2893339870543253
2014Q1,commodity_growth,0.7143768219862512,Commodity Price Growth,-0.07664595408226849
2014Q2,commodity_growth,-11.486146463730872,Commodity Price Growth,-1.826673802439801
2014Q3,commodity_growth,-6.156125226836629,Commodity Price Growth,-1.062142201748403
2014Q4,commodity_growth,-1.3292757826420143,Commodity Price Growth,-0.36978493564175113
2015Q1,commodity_growth,-0.5855836375344814,Commodity Price Growth,-0.2631106615910185
2015Q2,commodity_growth,-8.503435383919356,Commodity Price Growth,-1.3988374440283997
2015Q3,commodity_growth,1.7446293874478602,Commodity Price Growth,0.0711321893773899
2015Q4,commodity_growth,-6.764758660340508,Commodity Price Growth,-1.1494438225993848
2016Q1,commodity_growth,-3.5148607460554926,Commodity Price Growth,-0.6832825177825692
2016Q2,commodity_growth,3.0607805034927,Commodity Price Growth,0.25991926447127034
2016Q3,commodity_growth,4.103368310183608,Commodity Price Growth,0.40946675955314593
2016Q4,commodity_growth,20.011264683505186,Commodity Price Growth,2.69127558120339
2017Q1,commodity_growth,8.09915862276771,Commodity Price Growth,0.9826179399951911
2017Q2,commodity_growth,-7.295287986015897,Commodity Price Growth,-1.2255422876045028
2017Q3,commodity_growth,-2.655590136168584,Commodity Price Growth,-0.5600298128483755
2017Q4,commodity_growth,3.1140063619887304,Commodity Price Growth,0.2675539152513591
2018Q1,commodity_growth,8.279909379765705,Commodity Price Growth,1.008544603216965
2018Q2,commodity_growth,1.162796395363097,Commodity Price Growth,-0.012325209571517084
2018Q3,commodity_growth,5.469837013323864,Commodity Price Growth,0.6054713266034755
2018Q4,commodity_growth,4.556380877188548,Commodity Price Growth,0.4744463173433165
2019Q1,commodity_growth,4.824138363136576,Commodity Price Growth,0.5128531172847427
2019Q2,commodity_growth,2.5845218053349277,Commodity Price Growth,0.19160531061206784
2019Q3,commodity_growth,1.3707510716751692,Commodity Price Growth,0.017503549918524066
2019Q4,commodity_growth,-7.437035374486001,Commodity Price Growth,-1.245874356274462
2020Q1,commodity_growth,3.5608009354608283,Commodity Price Growth,0.33164157180184106
2020Q2,commodity_growth,-3.4585460586839423,Commodity Price Growth,-0.6752048092397614
2020Q3,commodity_growth,-5.995038169378198,Commodity Price Growth,-1.039036075071669
2020Q4,commodity_growth,8.492681771731947,Commodity Price Growth,1.0390644098336597
2021Q1,commodity_growth,13.02735142376954,Commodity Price Growth,1.6895117708462655
2021Q2,commodity_growth,12.940805469708373,Commodity Price Growth,1.6770977271021728
2021Q3,commodity_growth,4.772567310573406,Commodity Price Growth,0.5054558298044333
2021Q4,commodity_growth,-0.9165650128137192,Commodity Price Growth,-0.31058621738987746
2022Q1,commodity_growth,17.604473555420963,Commodity Price Growth,2.3460484626044633
2022Q2,commodity_growth,13.791978720407696,Commodity Price Growth,1.7991889569303752
2022Q3,commodity_growth,-3.1524967084401667,Commodity Price Growth,-0.6313054720264679
2022Q4,commodity_growth,0.1308417657796656,Commodity Price Growth,-0.1603474949866575
2023Q1,commodity_growth,-4.04296848956418,Commodity Price Growth,-0.7590336340609508
2023Q2,commodity_growth,-12.004321480901249,Commodity Price Growth,-1.901000180836447
2023Q3,commodity_growth,-4.634816932869191,Commodity Price Growth,-0.8439276368455159
2023Q4,commodity_growth,3.323214219308346,Commodity Price Growth,0.2975624294626425
2024Q1,commodity_growth,-0.4005623728135732,Commodity Price Growth,-0.23657144206598577
2024Q2,commodity_growth,-7.102743116567678,Commodity Price Growth,-1.1979238915978974
2024Q3,commodity_growth,-4.543373775641568,Commodity Price Growth,-0.8308111443851132
2024Q4,commodity_growth,3.532042598352092,Commodity Price Growth,0.32751651178317287
2025Q1,commodity_growth,2.646434774657336,Commodity Price Growth,0.20048602973790747
2025Q2,commodity_growth,-5.603623697320614,Commodity Price Growth,-0.9828920712195693
2025Q3,commodity_growth,0.5986662081395977,Commodity Price Growth,-0.0932433402631749
2025Q4,commodity_growth,4.9156853343602425,Commodity Price Growth,0.5259845006953014
1995Q1,cpi_yoy,3.9,Headline CPI YoY,0.7557785608172026
1995Q2,cpi_yoy,4.5,Headline CPI YoY,1.1422385259361023
1995Q3,cpi_yoy,5.1,Headline CPI YoY,1.5286984910550019
1995Q4,cpi_yoy,4.9,Headline CPI YoY,1.3998785026820357
1996Q1,cpi_yoy,3.8,Headline CPI YoY,0.6913685666307193
1996Q2,cpi_yoy,3.1,Headline CPI YoY,0.24049860732533657
1996Q3,cpi_yoy,2.1,Headline CPI YoY,-0.4036013345394962
1996Q4,cpi_yoy,1.7,Headline CPI YoY,-0.6612413112854294
1997Q1,cpi_yoy,1.2,Headline CPI YoY,-0.9832912822178458
1997Q2,cpi_yoy,0.3,Headline CPI YoY,-1.5629812298961954
1997Q3,cpi_yoy,-0.3,Headline CPI YoY,-1.949441195015095
1997Q4,cpi_yoy,-0.3,Headline CPI YoY,-1.949441195015095
1998Q1,cpi_yoy,-0.1,Headline CPI YoY,-1.8206212066421283
1998Q2,cpi_yoy,0.7,Headline CPI YoY,-1.3053412531502624
1998Q3,cpi_yoy,1.3,Headline CPI YoY,-0.9188812880313625
1998Q4,cpi_yoy,1.5,Headline CPI YoY,-0.790061299658396
1999Q1,cpi_yoy,1.2,Headline CPI YoY,-0.9832912822178458
1999Q2,cpi_yoy,1.0,Headline CPI YoY,-1.1121112705908123
1999Q3,cpi_yoy,1.6,Headline CPI YoY,-0.7256513054719126
1999Q4,cpi_yoy,1.8,Headline CPI YoY,-0.5968313170989461
2000Q1,cpi_yoy,2.8,Headline CPI YoY,0.04726862476588655
2000Q2,cpi_yoy,3.1,Headline CPI YoY,0.24049860732533657
2000Q3,cpi_yoy,6.1,Headline CPI YoY,2.1727984329198344
2000Q4,cpi_yoy,5.8,Headline CPI YoY,1.979568450360385
2001Q1,cpi_yoy,6.0,Headline CPI YoY,2.1083884387333516
2001Q2,cpi_yoy,6.1,Headline CPI YoY,2.1727984329198344
2001Q3,cpi_yoy,2.5,Headline CPI YoY,-0.14596135779356317
2001Q4,cpi_yoy,3.1,Headline CPI YoY,0.24049860732533657
2002Q1,cpi_yoy,3.0,Headline CPI YoY,0.1760886131388532
2002Q2,cpi_yoy,2.8,Headline CPI YoY,0.04726862476588655
2002Q3,cpi_yoy,3.3,Headline CPI YoY,0.36931859569830294
2002Q4,cpi_yoy,3.1,Headline CPI YoY,0.24049860732533657
2003Q1,cpi_yoy,3.4,Headline CPI YoY,0.4337285898847863
2003Q2,cpi_yoy,2.6,Headline CPI YoY,-0.08155136360707983
2003Q3,cpi_yoy,2.5,Headline CPI YoY,-0.14596135779356317
2003Q4,cpi_yoy,2.4,Headline CPI YoY,-0.2103713519800465
2004Q1,cpi_yoy,1.9,Headline CPI YoY,-0.5324213229124629
2004Q2,cpi_yoy,2.5,Headline CPI YoY,-0.14596135779356317
2004Q3,cpi_yoy,2.3,Headline CPI YoY,-0.2747813461665298
2004Q4,cpi_yoy,2.6,Headline CPI YoY,-0.08155136360707983
2005Q1,cpi_yoy,2.4,Headline CPI YoY,-0.2103713519800465
2005Q2,cpi_yoy,2.5,Headline CPI YoY,-0.14596135779356317
2005Q3,cpi_yoy,3.1,Headline CPI YoY,0.24049860732533657
2005Q4,cpi_yoy,2.7,Headline CPI YoY,-0.0171413694205965
2006Q1,cpi_yoy,3.0,Headline CPI YoY,0.1760886131388532
2006Q2,cpi_yoy,4.0,Headline CPI YoY,0.820188555003686
2006Q3,cpi_yoy,3.8,Headline CPI YoY,0.6913685666307193
2006Q4,cpi_yoy,3.3,Headline CPI YoY,0.36931859569830294
2007Q1,cpi_yoy,2.5,Headline CPI YoY,-0.14596135779356317
2007Q2,cpi_yoy,2.1,Headline CPI YoY,-0.4036013345394962
2007Q3,cpi_yoy,1.8,Headline CPI YoY,-0.5968313170989461
2007Q4,cpi_yoy,3.0,Headline CPI YoY,0.1760886131388532
2008Q1,cpi_yoy,4.3,Headline CPI YoY,1.0134185375631357
2008Q2,cpi_yoy,4.4,Headline CPI YoY,1.0778285317496192
2008Q3,cpi_yoy,5.0,Headline CPI YoY,1.4642884968685188
2008Q4,cpi_yoy,3.7,Headline CPI YoY,0.6269585724442363
2009Q1,cpi_yoy,2.3,Headline CPI YoY,-0.2747813461665298
2009Q2,cpi_yoy,1.5,Headline CPI YoY,-0.790061299658396
2009Q3,cpi_yoy,1.2,Headline CPI YoY,-0.9832912822178458
2009Q4,cpi_yoy,2.1,Headline CPI YoY,-0.4036013345394962
2010Q1,cpi_yoy,2.9,Headline CPI YoY,0.11167861895236988
2010Q2,cpi_yoy,3.0,Headline CPI YoY,0.1760886131388532
2010Q3,cpi_yoy,2.9,Headline CPI YoY,0.11167861895236988
2010Q4,cpi_yoy,2.6,Headline CPI YoY,-0.08155136360707983
2011Q1,cpi_yoy,3.4,Headline CPI YoY,0.4337285898847863
2011Q2,cpi_yoy,3.7,Headline CPI YoY,0.6269585724442363
2011Q3,cpi_yoy,3.4,Headline CPI YoY,0.4337285898847863
2011Q4,cpi_yoy,3.0,Headline CPI YoY,0.1760886131388532
2012Q1,cpi_yoy,1.5,Headline CPI YoY,-0.790061299658396
2012Q2,cpi_yoy,1.2,Headline CPI YoY,-0.9832912822178458
2012Q3,cpi_yoy,1.9,Headline CPI YoY,-0.5324213229124629
2012Q4,cpi_yoy,2.1,Headline CPI YoY,-0.4036013345394962
2013Q1,cpi_yoy,2.5,Headline CPI YoY,-0.14596135779356317
2013Q2,cpi_yoy,2.4,Headline CPI YoY,-0.2103713519800465
2013Q3,cpi_yoy,2.3,Headline CPI YoY,-0.2747813461665298
2013Q4,cpi_yoy,2.6,Headline CPI YoY,-0.08155136360707983
2014Q1,cpi_yoy,2.9,Headline CPI YoY,0.11167861895236988
2014Q2,cpi_yoy,3.1,Headline CPI YoY,0.24049860732533657
2014Q3,cpi_yoy,2.3,Headline CPI YoY,-0.2747813461665298
2014Q4,cpi_yoy,1.7,Headline CPI YoY,-0.6612413112854294
2015Q1,cpi_yoy,1.3,Headline CPI YoY,-0.9188812880313625
2015Q2,cpi_yoy,1.5,Headline CPI YoY,-0.790061299658396
2015Q3,cpi_yoy,1.4,Headline CPI YoY,-0.8544712938448793
2015Q4,cpi_yoy,1.7,Headline CPI YoY,-0.6612413112854294
2016Q1,cpi_yoy,1.3,Headline CPI YoY,-0.9188812880313625
2016Q2,cpi_yoy,1.0,Headline CPI YoY,-1.1121112705908123
2016Q3,cpi_yoy,1.4,Headline CPI YoY,-0.8544712938448793
2016Q4,cpi_yoy,1.4,Headline CPI YoY,-0.8544712938448793
2017Q1,cpi_yoy,2.1,Headline CPI YoY,-0.4036013345394962
2017Q2,cpi_yoy,1.9,Headline CPI YoY,-0.5324213229124629
2017Q3,cpi_yoy,1.8,Headline CPI YoY,-0.5968313170989461
2017Q4,cpi_yoy,2.1,Headline CPI YoY,-0.4036013345394962
2018Q1,cpi_yoy,2.0,Headline CPI YoY,-0.46801132872597956
2018Q2,cpi_yoy,2.1,Headline CPI YoY,-0.4036013345394962
2018Q3,cpi_yoy,2.0,Headline CPI YoY,-0.46801132872597956
2018Q4,cpi_yoy,1.7,Headline CPI YoY,-0.6612413112854294
2019Q1,cpi_yoy,1.2,Headline CPI YoY,-0.9832912822178458
2019Q2,cpi_yoy,1.5,Headline CPI YoY,-0.790061299658396
2019Q3,cpi_yoy,1.7,Headline CPI YoY,-0.6612413112854294
2019Q4,cpi_yoy,1.8,Headline CPI YoY,-0.5968313170989461
2020Q1,cpi_yoy,2.3,Headline CPI YoY,-0.2747813461665298
2020Q2,cpi_yoy,-0.3,Headline CPI YoY,-1.949441195015095
2020Q3,cpi_yoy,0.7,Headline CPI YoY,-1.3053412531502624
2020Q4,cpi_yoy,0.9,Headline CPI YoY,-1.1765212647772956
2021Q1,cpi_yoy,0.9,Headline CPI YoY,-1.1765212647772956
2021Q2,cpi_yoy,3.8,Headline CPI YoY,0.6913685666307193
2021Q3,cpi_yoy,3.0,Headline CPI YoY,0.1760886131388532
2021Q4,cpi_yoy,3.7,Headline CPI YoY,0.6269585724442363
2022Q1,cpi_yoy,5.2,Headline CPI YoY,1.5931084852414854
2022Q2,cpi_yoy,6.2,Headline CPI YoY,2.237208427106318
2022Q3,cpi_yoy,7.3,Headline CPI YoY,2.9457183631576336
2022Q4,cpi_yoy,7.8,Headline CPI YoY,3.26776833409005
2023Q1,cpi_yoy,7.1,Headline CPI YoY,2.816898374784668
2023Q2,cpi_yoy,6.0,Headline CPI YoY,2.1083884387333516
2023Q3,cpi_yoy,5.3,Headline CPI YoY,1.6575184794279685
2023Q4,cpi_yoy,4.0,Headline CPI YoY,0.820188555003686
2024Q1,cpi_yoy,3.7,Headline CPI YoY,0.6269585724442363
2024Q2,cpi_yoy,3.8,Headline CPI YoY,0.6913685666307193
2024Q3,cpi_yoy,2.9,Headline CPI YoY,0.11167861895236988
2024Q4,cpi_yoy,2.4,Headline CPI YoY,-0.2103713519800465
2025Q1,cpi_yoy,2.4,Headline CPI YoY,-0.2103713519800465
2025Q2,cpi_yoy,2.2,Headline CPI YoY,-0.3391913403530129
2025Q3,cpi_yoy,3.2,Headline CPI YoY,0.30490860151181987
2025Q4,cpi_yoy,3.7,Headline CPI YoY,0.6269585724442363
2012Q4,household_spending_growth,0.2315377238456539,Household Spending Growth,-0.30683765069570346
2013Q1,household_spending_growth,1.429740844840688,Household Spending Growth,0.09591780306590361
2013Q2,household_spending_growth,0.3986125246526972,Household Spending Growth,-0.2506783184154717
2013Q3,household_spending_growth,1.159425233572109,Household Spending Growth,0.005055840876294202
2013Q4,household_spending_growth,0.6931066130654306,Household Spending Growth,-0.15168917531402185
2014Q1,household_spending_growth,1.5282436045931824,Household Spending Growth,0.1290278183928048
2014Q2,household_spending_growth,0.6155909063204623,Household Spending Growth,-0.17774475228313807
2014Q3,household_spending_growth,0.9582519705241044,Household Spending Growth,-0.0625651053755542
2014Q4,household_spending_growth,0.5946523641384482,Household Spending Growth,-0.18478288455792335
2015Q1,household_spending_growth,1.059331251535034,Household Spending Growth,-0.02858903656374324
2015Q2,household_spending_growth,1.0948195530175342,Household Spending Growth,-0.016660251939193477
2015Q3,household_spending_growth,1.3464403436194594,Household Spending Growth,0.06791776652780458
2015Q4,household_spending_growth,0.4081284106712379,Household Spending Growth,-0.24747971633858978
2016Q1,household_spending_growth,0.2010073315703131,Household Spending Growth,-0.3170999190698364
2016Q2,household_spending_growth,1.9240614449423263,Household Spending Growth,0.2620752050198502
2016Q3,household_spending_growth,0.2083169484210723,Household Spending Growth,-0.31464291658005306
2016Q4,household_spending_growth,1.0138956399123875,Household Spending Growth,-0.04386143909330646
2017Q1,household_spending_growth,0.8728757563965628,Household Spending Growth,-0.09126285724990325
2017Q2,household_spending_growth,0.8943845620603241,Household Spending Growth,-0.08403304067440935
2017Q3,household_spending_growth,0.1990645314220884,Household Spending Growth,-0.3177529580592663
2017Q4,household_spending_growth,2.198612709953429,Household Spending Growth,0.35436090965776046
2018Q1,household_spending_growth,0.8422950519786143,Household Spending Growth,-0.10154203718892084
2018Q2,household_spending_growth,2.209260355636133,Household Spending Growth,0.3579399333585742
2018Q3,household_spending_growth,0.524239305974028,Household Spending Growth,-0.20845102787589678
2018Q4,household_spending_growth,1.2013669789450845,Household Spending Growth,0.019153840116371768
2019Q1,household_spending_growth,-0.4405715361153306,Household Spending Growth,-0.5327556651206434
2019Q2,household_spending_growth,-1.24264790162516,Household Spending Growth,-0.8023598957239709
2019Q3,household_spending_growth,0.3154369022893011,Household Spending Growth,-0.2786363790646999
2019Q4,household_spending_growth,-0.0677228934273022,Household Spending Growth,-0.40742898082231527
2020Q1,household_spending_growth,-2.045005022043034,Household Spending Growth,-1.072058497280273
2020Q2,household_spending_growth,-11.178472639063363,Household Spending Growth,-4.142117179363452
2020Q3,household_spending_growth,10.390658147472331,Household Spending Growth,3.1079766527745756
2020Q4,household_spending_growth,2.3394293049683546,Household Spending Growth,0.40169399586713594
2021Q1,household_spending_growth,0.5047001122994832,Household Spending Growth,-0.21501879312090136
2021Q2,household_spending_growth,1.523677688663394,Household Spending Growth,0.12749306396768517
2021Q3,household_spending_growth,-4.855331254649986,Household Spending Growth,-2.016701519151063
2021Q4,household_spending_growth,10.96886239564794,Household Spending Growth,3.3023301060917962
2022Q1,household_spending_growth,5.402212129503803,Household Spending Growth,1.4311959765034754
2022Q2,household_spending_growth,6.4601588237785945,Household Spending Growth,1.7868066350322156
2022Q3,household_spending_growth,3.891062096604703,Household Spending Growth,0.9232487791228512
2022Q4,household_spending_growth,2.2937279954431844,Household Spending Growth,0.38633228353907584
2023Q1,household_spending_growth,1.4825112253998851,Household Spending Growth,0.11365566252803079
2023Q2,household_spending_growth,0.9602640548771246,Household Spending Growth,-0.061888777687528866
2023Q3,household_spending_growth,1.227741475735411,Household Spending Growth,0.028019175414197323
2023Q4,household_spending_growth,0.3252319250286462,Household Spending Growth,-0.2753439499607646
2024Q1,household_spending_growth,1.0451924882325605,Household Spending Growth,-0.03334153964918567
2024Q2,household_spending_growth,0.1652288846936356,Household Spending Growth,-0.329126231098414
2024Q3,household_spending_growth,0.3993319701683706,Household Spending Growth,-0.2504364891295647
2024Q4,household_spending_growth,1.637418139307889,Household Spending Growth,0.16572496806448908
2025Q1,household_spending_growth,1.2930029454041536,Household Spending Growth,0.0499557005066676
2025Q2,household_spending_growth,0.966622848194798,Household Spending Growth,-0.05975137824067294
2025Q3,household_spending_growth,1.059613235272927,Household Spending Growth,-0.02849425256066518
2025Q4,household_spending_growth,2.0227584090722672,Household Spending Growth,0.2952504988214862
1995Q1,inflation_expectations_business,4.02,Business Inflation Expectations,2.5800451263839763
1995Q2,inflation_expectations_business,4.39,Business Inflation Expectations,3.001434433986044
1995Q3,inflation_expectations_business,3.28,Business Inflation Expectations,1.737266511179841
1995Q4,inflation_expectations_business,2.58,Business Inflation Expectations,0.9400434967975511
1996Q1,inflation_expectations_business,2.26,Business Inflation Expectations,0.5755986902227893
1996Q2,inflation_expectations_business,2.18,Business Inflation Expectations,0.48448748857909946
1996Q3,inflation_expectations_business,1.81,Business Inflation Expectations,0.06309818097703153
1996Q4,inflation_expectations_business,1.57,Business Inflation Expectations,-0.21023542395403946
1997Q1,inflation_expectations_business,1.93,Business Inflation Expectations,0.1997649834425669
1997Q2,inflation_expectations_business,1.77,Business Inflation Expectations,0.01754258015518632
1997Q3,inflation_expectations_business,1.49,Business Inflation Expectations,-0.3013466255977299
1997Q4,inflation_expectations_business,1.69,Business Inflation Expectations,-0.0735686214885041
1998Q1,inflation_expectations_business,2.06,Business Inflation Expectations,0.3478206861135638
1998Q2,inflation_expectations_business,1.53,Business Inflation Expectations,-0.25579102477588467
1998Q3,inflation_expectations_business,1.49,Business Inflation Expectations,-0.3013466255977299
1998Q4,inflation_expectations_business,1.04,Business Inflation Expectations,-0.8138471348434879
1999Q1,inflation_expectations_business,1.0,Business Inflation Expectations,-0.8594027356653332
1999Q2,inflation_expectations_business,1.08,Business Inflation Expectations,-0.7682915340216427
1999Q3,inflation_expectations_business,1.21,Business Inflation Expectations,-0.6202358313506461
1999Q4,inflation_expectations_business,1.37,Business Inflation Expectations,-0.43801342806326526
2000Q1,inflation_expectations_business,1.89,Business Inflation Expectations,0.1542093826207217
2000Q2,inflation_expectations_business,3.47,Business Inflation Expectations,1.9536556150836062
2000Q3,inflation_expectations_business,2.06,Business Inflation Expectations,0.3478206861135638
2000Q4,inflation_expectations_business,2.64,Business Inflation Expectations,1.008376898030319
2001Q1,inflation_expectations_business,1.53,Business Inflation Expectations,-0.25579102477588467
2001Q2,inflation_expectations_business,2.29,Business Inflation Expectations,0.6097653908391735
2001Q3,inflation_expectations_business,1.64,Business Inflation Expectations,-0.1305131225158106
2001Q4,inflation_expectations_business,1.32,Business Inflation Expectations,-0.49495792909057174
2002Q1,inflation_expectations_business,1.58,Business Inflation Expectations,-0.19884652374857817
2002Q2,inflation_expectations_business,1.87,Business Inflation Expectations,0.13143158220979934
2002Q3,inflation_expectations_business,1.79,Business Inflation Expectations,0.040320380566108927
2002Q4,inflation_expectations_business,1.53,Business Inflation Expectations,-0.25579102477588467
2003Q1,inflation_expectations_business,1.74,Business Inflation Expectations,-0.016624120461197583
2003Q2,inflation_expectations_business,1.18,Business Inflation Expectations,-0.65440253196703
2003Q3,inflation_expectations_business,1.38,Business Inflation Expectations,-0.4266245278578042
2003Q4,inflation_expectations_business,1.2,Business Inflation Expectations,-0.6316247315561074
2004Q1,inflation_expectations_business,1.08,Business Inflation Expectations,-0.7682915340216427
2004Q2,inflation_expectations_business,1.93,Business Inflation Expectations,0.1997649834425669
2004Q3,inflation_expectations_business,1.85,Business Inflation Expectations,0.10865378179887673
2004Q4,inflation_expectations_business,1.48,Business Inflation Expectations,-0.3127355258031912
2005Q1,inflation_expectations_business,1.65,Business Inflation Expectations,-0.1191242223103493
2005Q2,inflation_expectations_business,1.91,Business Inflation Expectations,0.1769871830316443
2005Q3,inflation_expectations_business,1.59,Business Inflation Expectations,-0.18745762354311685
2005Q4,inflation_expectations_business,1.56,Business Inflation Expectations,-0.22162432415950076
2006Q1,inflation_expectations_business,1.74,Business Inflation Expectations,-0.016624120461197583
2006Q2,inflation_expectations_business,2.44,Business Inflation Expectations,0.7805988939210928
2006Q3,inflation_expectations_business,1.78,Business Inflation Expectations,0.028931480360647622
2006Q4,inflation_expectations_business,1.86,Business Inflation Expectations,0.12004268200433804
2007Q1,inflation_expectations_business,1.65,Business Inflation Expectations,-0.1191242223103493
2007Q2,inflation_expectations_business,2.09,Business Inflation Expectations,0.3819873867299475
2007Q3,inflation_expectations_business,1.86,Business Inflation Expectations,0.12004268200433804
2007Q4,inflation_expectations_business,2.28,Business Inflation Expectations,0.598376490633712
2008Q1,inflation_expectations_business,2.36,Business Inflation Expectations,0.6894876922774024
2008Q2,inflation_expectations_business,3.38,Business Inflation Expectations,1.8511555132344542
2008Q3,inflation_expectations_business,2.45,Business Inflation Expectations,0.7919877941265543
2008Q4,inflation_expectations_business,1.94,Business Inflation Expectations,0.2111538836480282
2009Q1,inflation_expectations_business,0.42,Business Inflation Expectations,-1.5199589475820883
2009Q2,inflation_expectations_business,0.85,Business Inflation Expectations,-1.0302362387472526
2009Q3,inflation_expectations_business,0.92,Business Inflation Expectations,-0.9505139373090234
2009Q4,inflation_expectations_business,1.12,Business Inflation Expectations,-0.7227359331997976
2010Q1,inflation_expectations_business,1.19,Business Inflation Expectations,-0.6430136317615687
2010Q2,inflation_expectations_business,2.1,Business Inflation Expectations,0.39337628693540905
2010Q3,inflation_expectations_business,1.16,Business Inflation Expectations,-0.6771803323779526
2010Q4,inflation_expectations_business,1.31,Business Inflation Expectations,-0.506346829296033
2011Q1,inflation_expectations_business,1.34,Business Inflation Expectations,-0.47218012867964915
2011Q2,inflation_expectations_business,2.02,Business Inflation Expectations,0.30226508529171864
2011Q3,inflation_expectations_business,1.04,Business Inflation Expectations,-0.8138471348434879
2011Q4,inflation_expectations_business,1.21,Business Inflation Expectations,-0.6202358313506461
2012Q1,inflation_expectations_business,0.98,Business Inflation Expectations,-0.8821805360762558
2012Q2,inflation_expectations_business,1.99,Business Inflation Expectations,0.2680983846753347
2012Q3,inflation_expectations_business,0.78,Business Inflation Expectations,-1.1099585401854815
2012Q4,inflation_expectations_business,0.65,Business Inflation Expectations,-1.2580142428564782
2013Q1,inflation_expectations_business,0.72,Business Inflation Expectations,-1.1782919414182493
2013Q2,inflation_expectations_business,1.51,Business Inflation Expectations,-0.27856882518680726
2013Q3,inflation_expectations_business,1.13,Business Inflation Expectations,-0.7113470329943365
2013Q4,inflation_expectations_business,1.36,Business Inflation Expectations,-0.44940232826872656
2014Q1,inflation_expectations_business,1.12,Business Inflation Expectations,-0.7227359331997976
2014Q2,inflation_expectations_business,1.5,Business Inflation Expectations,-0.28995772539226855
2014Q3,inflation_expectations_business,0.75,Business Inflation Expectations,-1.1441252408018654
2014Q4,inflation_expectations_business,1.22,Business Inflation Expectations,-0.6088469311451847
2015Q1,inflation_expectations_business,1.37,Business Inflation Expectations,-0.43801342806326526
2015Q2,inflation_expectations_business,1.42,Business Inflation Expectations,-0.381068927035959
2015Q3,inflation_expectations_business,0.91,Business Inflation Expectations,-0.9619028375144848
2015Q4,inflation_expectations_business,0.92,Business Inflation Expectations,-0.9505139373090234
2016Q1,inflation_expectations_business,0.82,Business Inflation Expectations,-1.0644029393636365
2016Q2,inflation_expectations_business,1.04,Business Inflation Expectations,-0.8138471348434879
2016Q3,inflation_expectations_business,0.8,Business Inflation Expectations,-1.087180739774559
2016Q4,inflation_expectations_business,1.06,Business Inflation Expectations,-0.7910693344325653
2017Q1,inflation_expectations_business,1.09,Business Inflation Expectations,-0.7569026338161815
2017Q2,inflation_expectations_business,1.64,Business Inflation Expectations,-0.1305131225158106
2017Q3,inflation_expectations_business,0.82,Business Inflation Expectations,-1.0644029393636365
2017Q4,inflation_expectations_business,1.16,Business Inflation Expectations,-0.6771803323779526
2018Q1,inflation_expectations_business,1.41,Business Inflation Expectations,-0.3924578272414203
2018Q2,inflation_expectations_business,1.97,Business Inflation Expectations,0.2453205842644121
2018Q3,inflation_expectations_business,1.13,Business Inflation Expectations,-0.7113470329943365
2018Q4,inflation_expectations_business,1.28,Business Inflation Expectations,-0.540513529912417
2019Q1,inflation_expectations_business,1.01,Business Inflation Expectations,-0.8480138354598719
2019Q2,inflation_expectations_business,1.72,Business Inflation Expectations,-0.03940192087212019
2019Q3,inflation_expectations_business,0.98,Business Inflation Expectations,-0.8821805360762558
2019Q4,inflation_expectations_business,1.08,Business Inflation Expectations,-0.7682915340216427
2020Q1,inflation_expectations_business,0.71,Business Inflation Expectations,-1.1896808416237106
2020Q2,inflation_expectations_business,0.24,Business Inflation Expectations,-1.7249591512803915
2020Q3,inflation_expectations_business,0.19,Business Inflation Expectations,-1.7819036523076979
2020Q4,inflation_expectations_business,1.4,Business Inflation Expectations,-0.4038467274468816
2021Q1,inflation_expectations_business,1.51,Business Inflation Expectations,-0.27856882518680726
2021Q2,inflation_expectations_business,2.84,Business Inflation Expectations,1.2361549021395444
2021Q3,inflation_expectations_business,2.08,Business Inflation Expectations,0.3705984865244864
2021Q4,inflation_expectations_business,3.39,Business Inflation Expectations,1.8625444134399156
2022Q1,inflation_expectations_business,3.55,Business Inflation Expectations,2.044766816727296
2022Q2,inflation_expectations_business,5.28,Business Inflation Expectations,4.0150465522721
2022Q3,inflation_expectations_business,3.81,Business Inflation Expectations,2.34087822206929
2022Q4,inflation_expectations_business,3.89,Business Inflation Expectations,2.4319894237129804
2023Q1,inflation_expectations_business,3.18,Business Inflation Expectations,1.6233775091252287
2023Q2,inflation_expectations_business,4.18,Business Inflation Expectations,2.762267529671357
2023Q3,inflation_expectations_business,2.19,Business Inflation Expectations,0.4958763887845605
2023Q4,inflation_expectations_business,2.78,Business Inflation Expectations,1.1678215009067765
2024Q1,inflation_expectations_business,2.0,Business Inflation Expectations,0.279487284880796
2024Q2,inflation_expectations_business,3.12,Business Inflation Expectations,1.5550441078924608
2024Q3,inflation_expectations_business,1.72,Business Inflation Expectations,-0.03940192087212019
2024Q4,inflation_expectations_business,2.01,Business Inflation Expectations,0.29087618508625707
2025Q1,inflation_expectations_business,1.71,Business Inflation Expectations,-0.05079082107758149
2025Q2,inflation_expectations_business,2.47,Business Inflation Expectations,0.814765594537477
2025Q3,inflation_expectations_business,1.65,Business Inflation Expectations,-0.1191242223103493
2025Q4,inflation_expectations_business,1.91,Business Inflation Expectations,0.1769871830316443
1998Q4,ppi_growth,-0.5610098176717981,Producer Price Growth,-1.9577587744407183
1999Q1,ppi_growth,-0.2820874471086032,Producer Price Growth,-1.4904100801819107
1999Q2,ppi_growth,0.2828854314002926,Producer Price Growth,-0.5437691329906581
1999Q3,ppi_growth,0.8462623413258097,Producer Price Growth,0.4001976872310938
1999Q4,ppi_growth,0.8391608391608241,Producer Price Growth,0.38829875722637347
2000Q1,ppi_growth,1.386962552011095,Producer Price Growth,1.3061685383284516
2000Q2,ppi_growth,1.7783857729138264,Producer Price Growth,1.9620181599349835
2000Q3,ppi_growth,0.5376344086021501,Producer Price Growth,-0.11692419538791961
2000Q4,ppi_growth,1.4705882352941346,Producer Price Growth,1.4462876467739834
2001Q1,ppi_growth,-0.1317523056653557,Producer Price Growth,-1.238515863476204
2001Q2,ppi_growth,1.58311345646438,Producer Price Growth,1.6348294086947357
2001Q3,ppi_growth,-0.2597402597402598,Producer Price Growth,-1.4529662250480826
2001Q4,ppi_growth,0.5208333333333481,Producer Price Growth,-0.14507525610479216
2002Q1,ppi_growth,0.1295336787564771,Producer Price Growth,-0.8007178360139209
2002Q2,ppi_growth,0.2587322121604174,Producer Price Growth,-0.5842390868746362
2002Q3,ppi_growth,0.3870967741935516,Producer Price Growth,-0.36915769941132087
2002Q4,ppi_growth,0.5141388174807249,Producer Price Growth,-0.15629225973236427
2003Q1,ppi_growth,0.7672634271099765,Producer Price Growth,0.26783096694227326
2003Q2,ppi_growth,-0.3807106598984755,Producer Price Growth,-1.6556583161978615
2003Q3,ppi_growth,0.6369426751592355,Producer Price Growth,0.04947188324444709
2003Q4,ppi_growth,0.0,Producer Price Growth,-1.0177581383286596
2004Q1,ppi_growth,0.6329113924050667,Producer Price Growth,0.04271726285474977
2004Q2,ppi_growth,1.132075471698113,Producer Price Growth,0.8790922019012772
2004Q3,ppi_growth,1.3681592039801016,Producer Price Growth,1.2746625672145724
2004Q4,ppi_growth,1.1042944785276232,Producer Price Growth,0.8325437272944345
2005Q1,ppi_growth,0.0,Producer Price Growth,-1.0177581383286596
2005Q2,ppi_growth,0.8495145631067791,Producer Price Growth,0.40564695112379306
2005Q3,ppi_growth,1.4440433212996373,Producer Price Growth,1.4018102860320276
2005Q4,ppi_growth,0.7117437722420128,Producer Price Growth,0.1748049462761979
2006Q1,ppi_growth,0.7067137809187107,Producer Price Growth,0.16637693861108396
2006Q2,ppi_growth,1.5204678362573,Producer Price Growth,1.5298634687247874
2006Q3,ppi_growth,1.0368663594470195,Producer Price Growth,0.7195644659142226
2006Q4,ppi_growth,0.2280501710376414,Producer Price Growth,-0.6356484156673428
2007Q1,ppi_growth,0.0,Producer Price Growth,-1.0177581383286596
2007Q2,ppi_growth,1.0238907849829282,Producer Price Growth,0.6978232274083026
2007Q3,ppi_growth,1.1261261261261255,Producer Price Growth,0.8691237691823505
2007Q4,ppi_growth,0.6681514476614803,Producer Price Growth,0.1017637773972672
2008Q1,ppi_growth,1.880530973451311,Producer Price Growth,2.1331676665149217
2008Q2,ppi_growth,0.9771986970684045,Producer Price Growth,0.619588246560375
2008Q3,ppi_growth,1.935483870967736,Producer Price Growth,2.2252440562579974
2008Q4,ppi_growth,1.371308016877637,Producer Price Growth,1.2799385642353815
2009Q1,ppi_growth,-0.3121748178980255,Producer Price Growth,-1.5408230084232877
2009Q2,ppi_growth,-0.8350730688935215,Producer Price Growth,-2.4169657657773147
2009Q3,ppi_growth,0.1052631578947416,Producer Price Growth,-0.8413843347634118
2009Q4,ppi_growth,-0.4206098843322681,Producer Price Growth,-1.7225115069384276
2010Q1,ppi_growth,0.9503695881731612,Producer Price Growth,0.5746347027302344
2010Q2,ppi_growth,0.313807531380772,Producer Price Growth,-0.4919575733067312
2010Q3,ppi_growth,1.3555787278414888,Producer Price Growth,1.253583336155898
2010Q4,ppi_growth,0.1028806584361996,Producer Price Growth,-0.845376334432616
2011Q1,ppi_growth,1.1305241521069045,Producer Price Growth,0.8764928866012335
2011Q2,ppi_growth,0.8130081300812941,Producer Price Growth,0.3444785558744006
2011Q3,ppi_growth,0.6048387096774244,Producer Price Growth,-0.004319952520317806
2011Q4,ppi_growth,0.3006012024048043,Producer Price Growth,-0.5140854527966712
2012Q1,ppi_growth,-0.2997002997003006,Producer Price Growth,-1.5199213153126105
2012Q2,ppi_growth,0.5010020040080221,Producer Price Growth,-0.1783036624419872
2012Q3,ppi_growth,0.5982053838484713,Producer Price Growth,-0.015434429134347758
2012Q4,ppi_growth,0.1982160555004775,Producer Price Growth,-0.6856370017836397
2013Q1,ppi_growth,0.2967359050445317,Producer Price Growth,-0.5205619561714198
2013Q2,ppi_growth,0.0986193293885495,Producer Price Growth,-0.8525164091501983
2013Q3,ppi_growth,1.2807881773398977,Producer Price Growth,1.1282679444602122
2013Q4,ppi_growth,0.1945525291828787,Producer Price Growth,-0.6917754274590542
2014Q1,ppi_growth,0.8737864077669855,Producer Price Growth,0.44631566796531297
2014Q2,ppi_growth,-0.0962463907603572,Producer Price Growth,-1.1790238874980499
2014Q3,ppi_growth,0.19267822736031,Producer Price Growth,-0.6949159160030732
2014Q4,ppi_growth,0.0961538461538458,Producer Price Growth,-0.856647452379643
2015Q1,ppi_growth,0.4803073967339033,Producer Price Growth,-0.21297853512512663
2015Q2,ppi_growth,0.2868068833652204,Producer Price Growth,-0.5371985397044073
2015Q3,ppi_growth,0.8579599618684375,Producer Price Growth,0.41979764859487223
2015Q4,ppi_growth,0.2835538752362865,Producer Price Growth,-0.5426491211633302
2016Q1,ppi_growth,-0.1885014137605889,Producer Price Growth,-1.3336018958912705
2016Q2,ppi_growth,0.0944287063267212,Producer Price Growth,-0.8595380123730657
2016Q3,ppi_growth,0.2830188679245227,Producer Price Growth,-0.5435455532711847
2016Q4,ppi_growth,0.470366886171214,Producer Price Growth,-0.2296343688696852
2017Q1,ppi_growth,0.4681647940074862,Producer Price Growth,-0.23332408689150516
2017Q2,ppi_growth,0.4659832246039164,Producer Price Growth,-0.2369794179792721
2017Q3,ppi_growth,0.1855287569573205,Producer Price Growth,-0.7068952192433707
2017Q4,ppi_growth,0.5555555555555536,Producer Price Growth,-0.08689639728989743
2018Q1,ppi_growth,0.4604051565377576,Producer Price Growth,-0.24632575625232728
2018Q2,ppi_growth,0.2749770852429112,Producer Price Growth,-0.5570199713616931
2018Q3,ppi_growth,0.8226691042047429,Producer Price Growth,0.3606660120212319
2018Q4,ppi_growth,0.453309156844961,Producer Price Growth,-0.2582154665835322
2019Q1,ppi_growth,0.3610108303249149,Producer Price Growth,-0.4128660322384785
2019Q2,ppi_growth,0.3597122302158251,Producer Price Growth,-0.41504190312370726
2019Q3,ppi_growth,0.4480286738351324,Producer Price Growth,-0.26706318587803063
2019Q4,ppi_growth,0.267618198037467,Producer Price Growth,-0.569350163162795
2020Q1,ppi_growth,0.177935943060481,Producer Price Growth,-0.7196173671774825
2020Q2,ppi_growth,-1.243339253996445,Producer Price Growth,-3.1010366351472065
2020Q3,ppi_growth,0.4496402877697925,Producer Price Growth,-0.2643628443224506
2020Q4,ppi_growth,0.5371530886302489,Producer Price Growth,-0.11773067161259275
2021Q1,ppi_growth,0.4452359750667822,Producer Price Growth,-0.2717424954658965
2021Q2,ppi_growth,0.7092198581560183,Producer Price Growth,0.17057599916761987
2021Q3,ppi_growth,1.1443661971830998,Producer Price Growth,0.8996859409237291
2021Q4,ppi_growth,1.305483028720622,Producer Price Growth,1.1696454306919304
2022Q1,ppi_growth,1.632302405498276,Producer Price Growth,1.7172480080223427
2022Q2,ppi_growth,1.4370245139475823,Producer Price Growth,1.3900499154148784
2022Q3,ppi_growth,1.9166666666666556,Producer Price Growth,2.193714868255063
2022Q4,ppi_growth,0.7358953393295176,Producer Price Growth,0.2152721318943985
2023Q1,ppi_growth,0.7305194805194759,Producer Price Growth,0.20626460556970935
2023Q2,ppi_growth,0.483481063658342,Producer Price Growth,-0.20766089391135845
2023Q3,ppi_growth,1.844426623897344,Producer Price Growth,2.0726729826821413
2023Q4,ppi_growth,0.94488188976376,Producer Price Growth,0.5654397834380269
2024Q1,ppi_growth,0.9360374414976836,Producer Price Growth,0.55062045811735
2024Q2,ppi_growth,1.0046367851622715,Producer Price Growth,0.6655621661772728
2024Q3,ppi_growth,0.9946442234123998,Producer Price Growth,0.6488191180070115
2024Q4,ppi_growth,0.7575757575757569,Producer Price Growth,0.25159878126965585
2025Q1,ppi_growth,0.9022556390977376,Producer Price Growth,0.4940173208019558
2025Q2,ppi_growth,0.7451564828613977,Producer Price Growth,0.230789651440171
2025Q3,ppi_growth,1.0355029585798814,Producer Price Growth,0.7172800180453703
2025Q4,ppi_growth,0.8052708638360162,Producer Price Growth,0.33151437064407285
1995Q1,trimmed_mean_cpi_yoy,2.2,Trimmed Mean CPI YoY,-0.47713604286697053
1995Q2,trimmed_mean_cpi_yoy,2.5,Trimmed Mean CPI YoY,-0.18568348466251558
1995Q3,trimmed_mean_cpi_yoy,2.9,Trimmed Mean CPI YoY,0.20291992627675784
1995Q4,trimmed_mean_cpi_yoy,3.1,Trimmed Mean CPI YoY,0.39722163174639474
1996Q1,trimmed_mean_cpi_yoy,3.2,Trimmed Mean CPI YoY,0.49437248448121324
1996Q2,trimmed_mean_cpi_yoy,3.0,Trimmed Mean CPI YoY,0.3000707790115763
1996Q3,trimmed_mean_cpi_yoy,2.5,Trimmed Mean CPI YoY,-0.18568348466251558
1996Q4,trimmed_mean_cpi_yoy,2.3,Trimmed Mean CPI YoY,-0.3799851901321525
1997Q1,trimmed_mean_cpi_yoy,2.4,Trimmed Mean CPI YoY,-0.28283433739733405
1997Q2,trimmed_mean_cpi_yoy,2.0,Trimmed Mean CPI YoY,-0.6714377483366074
1997Q3,trimmed_mean_cpi_yoy,1.7,Trimmed Mean CPI YoY,-0.9628903065410627
1997Q4,trimmed_mean_cpi_yoy,1.9,Trimmed Mean CPI YoY,-0.7685886010714259
1998Q1,trimmed_mean_cpi_yoy,1.7,Trimmed Mean CPI YoY,-0.9628903065410627
1998Q2,trimmed_mean_cpi_yoy,1.9,Trimmed Mean CPI YoY,-0.7685886010714259
1998Q3,trimmed_mean_cpi_yoy,2.0,Trimmed Mean CPI YoY,-0.6714377483366074
1998Q4,trimmed_mean_cpi_yoy,1.7,Trimmed Mean CPI YoY,-0.9628903065410627
1999Q1,trimmed_mean_cpi_yoy,1.7,Trimmed Mean CPI YoY,-0.9628903065410627
1999Q2,trimmed_mean_cpi_yoy,1.7,Trimmed Mean CPI YoY,-0.9628903065410627
1999Q3,trimmed_mean_cpi_yoy,2.2,Trimmed Mean CPI YoY,-0.47713604286697053
1999Q4,trimmed_mean_cpi_yoy,2.4,Trimmed Mean CPI YoY,-0.28283433739733405
2000Q1,trimmed_mean_cpi_yoy,2.6,Trimmed Mean CPI YoY,-0.08853263192769711
2000Q2,trimmed_mean_cpi_yoy,2.7,Trimmed Mean CPI YoY,0.008618220807121343
2000Q3,trimmed_mean_cpi_yoy,2.4,Trimmed Mean CPI YoY,-0.28283433739733405
2000Q4,trimmed_mean_cpi_yoy,2.4,Trimmed Mean CPI YoY,-0.28283433739733405
2001Q1,trimmed_mean_cpi_yoy,2.7,Trimmed Mean CPI YoY,0.008618220807121343
2001Q2,trimmed_mean_cpi_yoy,2.9,Trimmed Mean CPI YoY,0.20291992627675784
2001Q3,trimmed_mean_cpi_yoy,3.1,Trimmed Mean CPI YoY,0.39722163174639474
2001Q4,trimmed_mean_cpi_yoy,3.3,Trimmed Mean CPI YoY,0.5915233372160312
2002Q1,trimmed_mean_cpi_yoy,3.1,Trimmed Mean CPI YoY,0.39722163174639474
2002Q2,trimmed_mean_cpi_yoy,2.9,Trimmed Mean CPI YoY,0.20291992627675784
2002Q3,trimmed_mean_cpi_yoy,2.9,Trimmed Mean CPI YoY,0.20291992627675784
2002Q4,trimmed_mean_cpi_yoy,2.8,Trimmed Mean CPI YoY,0.10576907354193937
2003Q1,trimmed_mean_cpi_yoy,2.9,Trimmed Mean CPI YoY,0.20291992627675784
2003Q2,trimmed_mean_cpi_yoy,2.8,Trimmed Mean CPI YoY,0.10576907354193937
2003Q3,trimmed_mean_cpi_yoy,2.8,Trimmed Mean CPI YoY,0.10576907354193937
2003Q4,trimmed_mean_cpi_yoy,2.7,Trimmed Mean CPI YoY,0.008618220807121343
2004Q1,trimmed_mean_cpi_yoy,2.6,Trimmed Mean CPI YoY,-0.08853263192769711
2004Q2,trimmed_mean_cpi_yoy,2.6,Trimmed Mean CPI YoY,-0.08853263192769711
2004Q3,trimmed_mean_cpi_yoy,2.6,Trimmed Mean CPI YoY,-0.08853263192769711
2004Q4,trimmed_mean_cpi_yoy,2.7,Trimmed Mean CPI YoY,0.008618220807121343
2005Q1,trimmed_mean_cpi_yoy,2.7,Trimmed Mean CPI YoY,0.008618220807121343
2005Q2,trimmed_mean_cpi_yoy,2.7,Trimmed Mean CPI YoY,0.008618220807121343
2005Q3,trimmed_mean_cpi_yoy,2.7,Trimmed Mean CPI YoY,0.008618220807121343
2005Q4,trimmed_mean_cpi_yoy,2.6,Trimmed Mean CPI YoY,-0.08853263192769711
2006Q1,trimmed_mean_cpi_yoy,2.8,Trimmed Mean CPI YoY,0.10576907354193937
2006Q2,trimmed_mean_cpi_yoy,3.0,Trimmed Mean CPI YoY,0.3000707790115763
2006Q3,trimmed_mean_cpi_yoy,3.1,Trimmed Mean CPI YoY,0.39722163174639474
2006Q4,trimmed_mean_cpi_yoy,3.0,Trimmed Mean CPI YoY,0.3000707790115763
2007Q1,trimmed_mean_cpi_yoy,2.7,Trimmed Mean CPI YoY,0.008618220807121343
2007Q2,trimmed_mean_cpi_yoy,2.8,Trimmed Mean CPI YoY,0.10576907354193937
2007Q3,trimmed_mean_cpi_yoy,2.9,Trimmed Mean CPI YoY,0.20291992627675784
2007Q4,trimmed_mean_cpi_yoy,3.6,Trimmed Mean CPI YoY,0.8829758954204866
2008Q1,trimmed_mean_cpi_yoy,4.2,Trimmed Mean CPI YoY,1.465881011829397
2008Q2,trimmed_mean_cpi_yoy,4.4,Trimmed Mean CPI YoY,1.660182717299034
2008Q3,trimmed_mean_cpi_yoy,4.8,Trimmed Mean CPI YoY,2.048786128238307
2008Q4,trimmed_mean_cpi_yoy,4.3,Trimmed Mean CPI YoY,1.563031864564215
2009Q1,trimmed_mean_cpi_yoy,4.1,Trimmed Mean CPI YoY,1.3687301590945782
2009Q2,trimmed_mean_cpi_yoy,3.6,Trimmed Mean CPI YoY,0.8829758954204866
2009Q3,trimmed_mean_cpi_yoy,3.1,Trimmed Mean CPI YoY,0.39722163174639474
2009Q4,trimmed_mean_cpi_yoy,3.2,Trimmed Mean CPI YoY,0.49437248448121324
2010Q1,trimmed_mean_cpi_yoy,3.1,Trimmed Mean CPI YoY,0.39722163174639474
2010Q2,trimmed_mean_cpi_yoy,2.8,Trimmed Mean CPI YoY,0.10576907354193937
2010Q3,trimmed_mean_cpi_yoy,2.6,Trimmed Mean CPI YoY,-0.08853263192769711
2010Q4,trimmed_mean_cpi_yoy,2.2,Trimmed Mean CPI YoY,-0.47713604286697053
2011Q1,trimmed_mean_cpi_yoy,2.2,Trimmed Mean CPI YoY,-0.47713604286697053
2011Q2,trimmed_mean_cpi_yoy,2.7,Trimmed Mean CPI YoY,0.008618220807121343
2011Q3,trimmed_mean_cpi_yoy,2.5,Trimmed Mean CPI YoY,-0.18568348466251558
2011Q4,trimmed_mean_cpi_yoy,2.7,Trimmed Mean CPI YoY,0.008618220807121343
2012Q1,trimmed_mean_cpi_yoy,2.3,Trimmed Mean CPI YoY,-0.3799851901321525
2012Q2,trimmed_mean_cpi_yoy,2.0,Trimmed Mean CPI YoY,-0.6714377483366074
2012Q3,trimmed_mean_cpi_yoy,2.3,Trimmed Mean CPI YoY,-0.3799851901321525
2012Q4,trimmed_mean_cpi_yoy,2.2,Trimmed Mean CPI YoY,-0.47713604286697053
2013Q1,trimmed_mean_cpi_yoy,2.3,Trimmed Mean CPI YoY,-0.3799851901321525
2013Q2,trimmed_mean_cpi_yoy,2.4,Trimmed Mean CPI YoY,-0.28283433739733405
2013Q3,trimmed_mean_cpi_yoy,2.4,Trimmed Mean CPI YoY,-0.28283433739733405
2013Q4,trimmed_mean_cpi_yoy,2.7,Trimmed Mean CPI YoY,0.008618220807121343
2014Q1,trimmed_mean_cpi_yoy,2.7,Trimmed Mean CPI YoY,0.008618220807121343
2014Q2,trimmed_mean_cpi_yoy,2.8,Trimmed Mean CPI YoY,0.10576907354193937
2014Q3,trimmed_mean_cpi_yoy,2.4,Trimmed Mean CPI YoY,-0.28283433739733405
2014Q4,trimmed_mean_cpi_yoy,2.2,Trimmed Mean CPI YoY,-0.47713604286697053
2015Q1,trimmed_mean_cpi_yoy,2.3,Trimmed Mean CPI YoY,-0.3799851901321525
2015Q2,trimmed_mean_cpi_yoy,2.2,Trimmed Mean CPI YoY,-0.47713604286697053
2015Q3,trimmed_mean_cpi_yoy,2.1,Trimmed Mean CPI YoY,-0.574286895601789
2015Q4,trimmed_mean_cpi_yoy,2.1,Trimmed Mean CPI YoY,-0.574286895601789
2016Q1,trimmed_mean_cpi_yoy,1.7,Trimmed Mean CPI YoY,-0.9628903065410627
2016Q2,trimmed_mean_cpi_yoy,1.6,Trimmed Mean CPI YoY,-1.060041159275881
2016Q3,trimmed_mean_cpi_yoy,1.6,Trimmed Mean CPI YoY,-1.060041159275881
2016Q4,trimmed_mean_cpi_yoy,1.5,Trimmed Mean CPI YoY,-1.1571920120106993
2017Q1,trimmed_mean_cpi_yoy,1.7,Trimmed Mean CPI YoY,-0.9628903065410627
2017Q2,trimmed_mean_cpi_yoy,1.7,Trimmed Mean CPI YoY,-0.9628903065410627
2017Q3,trimmed_mean_cpi_yoy,1.7,Trimmed Mean CPI YoY,-0.9628903065410627
2017Q4,trimmed_mean_cpi_yoy,1.7,Trimmed Mean CPI YoY,-0.9628903065410627
2018Q1,trimmed_mean_cpi_yoy,1.7,Trimmed Mean CPI YoY,-0.9628903065410627
2018Q2,trimmed_mean_cpi_yoy,1.6,Trimmed Mean CPI YoY,-1.060041159275881
2018Q3,trimmed_mean_cpi_yoy,1.7,Trimmed Mean CPI YoY,-0.9628903065410627
2018Q4,trimmed_mean_cpi_yoy,1.8,Trimmed Mean CPI YoY,-0.8657394538062442
2019Q1,trimmed_mean_cpi_yoy,1.6,Trimmed Mean CPI YoY,-1.060041159275881
2019Q2,trimmed_mean_cpi_yoy,1.5,Trimmed Mean CPI YoY,-1.1571920120106993
2019Q3,trimmed_mean_cpi_yoy,1.5,Trimmed Mean CPI YoY,-1.1571920120106993
2019Q4,trimmed_mean_cpi_yoy,1.5,Trimmed Mean CPI YoY,-1.1571920120106993
2020Q1,trimmed_mean_cpi_yoy,1.7,Trimmed Mean CPI YoY,-0.9628903065410627
2020Q2,trimmed_mean_cpi_yoy,1.3,Trimmed Mean CPI YoY,-1.351493717480336
2020Q3,trimmed_mean_cpi_yoy,1.2,Trimmed Mean CPI YoY,-1.4486445702151545
2020Q4,trimmed_mean_cpi_yoy,1.3,Trimmed Mean CPI YoY,-1.351493717480336
2021Q1,trimmed_mean_cpi_yoy,1.1,Trimmed Mean CPI YoY,-1.5457954229499726
2021Q2,trimmed_mean_cpi_yoy,1.6,Trimmed Mean CPI YoY,-1.060041159275881
2021Q3,trimmed_mean_cpi_yoy,2.1,Trimmed Mean CPI YoY,-0.574286895601789
2021Q4,trimmed_mean_cpi_yoy,2.6,Trimmed Mean CPI YoY,-0.08853263192769711
2022Q1,trimmed_mean_cpi_yoy,3.8,Trimmed Mean CPI YoY,1.077277600890123
2022Q2,trimmed_mean_cpi_yoy,4.9,Trimmed Mean CPI YoY,2.1459369809731257
2022Q3,trimmed_mean_cpi_yoy,6.0,Trimmed Mean CPI YoY,3.2145963610561274
2022Q4,trimmed_mean_cpi_yoy,6.8,Trimmed Mean CPI YoY,3.991803182934675
2023Q1,trimmed_mean_cpi_yoy,6.5,Trimmed Mean CPI YoY,3.7003506247302194
2023Q2,trimmed_mean_cpi_yoy,5.8,Trimmed Mean CPI YoY,3.0202946555864907
2023Q3,trimmed_mean_cpi_yoy,5.1,Trimmed Mean CPI YoY,2.340238686442762
2023Q4,trimmed_mean_cpi_yoy,4.2,Trimmed Mean CPI YoY,1.465881011829397
2024Q1,trimmed_mean_cpi_yoy,4.0,Trimmed Mean CPI YoY,1.27157930635976
2024Q2,trimmed_mean_cpi_yoy,4.0,Trimmed Mean CPI YoY,1.27157930635976
2024Q3,trimmed_mean_cpi_yoy,3.6,Trimmed Mean CPI YoY,0.8829758954204866
2024Q4,trimmed_mean_cpi_yoy,3.2,Trimmed Mean CPI YoY,0.49437248448121324
2025Q1,trimmed_mean_cpi_yoy,2.9,Trimmed Mean CPI YoY,0.20291992627675784
2025Q2,trimmed_mean_cpi_yoy,2.7,Trimmed Mean CPI YoY,0.008618220807121343
2025Q3,trimmed_mean_cpi_yoy,2.9,Trimmed Mean CPI YoY,0.20291992627675784
2025Q4,trimmed_mean_cpi_yoy,3.3,Trimmed Mean CPI YoY,0.5915233372160312
1995Q1,unemployment_rate,8.765438233333333,Unemployment Rate,2.3430812146973548
1995Q2,unemployment_rate,8.364856566666667,Unemployment Rate,2.0359905969418164
1995Q3,unemployment_rate,8.370622566666666,Unemployment Rate,2.0404108803679466
1995Q4,unemployment_rate,8.390928500000001,Unemployment Rate,2.0559776477223433
1996Q1,unemployment_rate,8.4001152,Unemployment Rate,2.0630202800065662
1996Q2,unemployment_rate,8.415734866666666,Unemployment Rate,2.0749945002091934
1996Q3,unemployment_rate,8.622635266666666,Unemployment Rate,2.2336067806427335
1996Q4,unemployment_rate,8.6205908,Unemployment Rate,2.2320394684467675
1997Q1,unemployment_rate,8.621391066666666,Unemployment Rate,2.2326529622870637
1997Q2,unemployment_rate,8.482456566666668,Unemployment Rate,2.1261441402843353
1997Q3,unemployment_rate,8.374511700000001,Unemployment Rate,2.0433923357296098
1997Q4,unemployment_rate,7.977187499999999,Unemployment Rate,1.7387989302386964
1998Q1,unemployment_rate,7.840956133333333,Unemployment Rate,1.6343623620465726
1998Q2,unemployment_rate,7.733828733333333,Unemployment Rate,1.5522372370544697
1998Q3,unemployment_rate,7.7882881,Unemployment Rate,1.5939864281530196
1998Q4,unemployment_rate,7.3748021,Unemployment Rate,1.277003196668969
1999Q1,unemployment_rate,7.082459,Unemployment Rate,1.0528895373429819
1999Q2,unemployment_rate,6.886110866666667,Unemployment Rate,0.9023667486636524
1999Q3,unemployment_rate,6.874404833333333,Unemployment Rate,0.8933927658108832
1999Q4,unemployment_rate,6.6339581333333335,Unemployment Rate,0.7090634971883034
2000Q1,unemployment_rate,6.650502033333333,Unemployment Rate,0.7217462455361285
2000Q2,unemployment_rate,6.302070100000001,Unemployment Rate,0.45463422679731996
2000Q3,unemployment_rate,5.989740533333333,Unemployment Rate,0.215198707021527
2000Q4,unemployment_rate,6.172109266666666,Unemployment Rate,0.35500472321954346
2001Q1,unemployment_rate,6.366243933333333,Unemployment Rate,0.5038306423149399
2001Q2,unemployment_rate,6.869537533333333,Unemployment Rate,0.8896614363762656
2001Q3,unemployment_rate,6.867782666666667,Unemployment Rate,0.8883161349468978
2001Q4,unemployment_rate,6.979481766666666,Unemployment Rate,0.9739459789364401
2002Q1,unemployment_rate,6.6275595,Unemployment Rate,0.7041582296070998
2002Q2,unemployment_rate,6.404725666666667,Unemployment Rate,0.5333311917533915
2002Q3,unemployment_rate,6.280471133333333,Unemployment Rate,0.4380762048794882
2002Q4,unemployment_rate,6.157816866666667,Unemployment Rate,0.3440480012563754
2003Q1,unemployment_rate,6.056286166666666,Unemployment Rate,0.26621337231890746
2003Q2,unemployment_rate,6.051211533333333,Unemployment Rate,0.26232309871207055
2003Q3,unemployment_rate,5.9071963,Unemployment Rate,0.1519193267707481
2003Q4,unemployment_rate,5.708952,Unemployment Rate,-5.708558007772035e-05
2004Q1,unemployment_rate,5.5373783,Unemployment Rate,-0.13158750224152455
2004Q2,unemployment_rate,5.435813933333333,Unemployment Rate,-0.20944794044168435
2004Q3,unemployment_rate,5.479516333333334,Unemployment Rate,-0.17594516652525466
2004Q4,unemployment_rate,5.117552766666667,Unemployment Rate,-0.45343069455157886
2005Q1,unemployment_rate,5.106783733333334,Unemployment Rate,-0.46168636218230746
2005Q2,unemployment_rate,5.0571962,Unemployment Rate,-0.4997007485395801
2005Q3,unemployment_rate,4.958602733333334,Unemployment Rate,-0.5752836598526957
2005Q4,unemployment_rate,5.007952566666667,Unemployment Rate,-0.5374514971115163
2006Q1,unemployment_rate,5.044254333333334,Unemployment Rate,-0.5096221357629336
2006Q2,unemployment_rate,4.857371833333333,Unemployment Rate,-0.6528884585835817
2006Q3,unemployment_rate,4.678365866666667,Unemployment Rate,-0.7901165382983145
2006Q4,unemployment_rate,4.515483166666667,Unemployment Rate,-0.9149843321265148
2007Q1,unemployment_rate,4.549238466666667,Unemployment Rate,-0.8891071220789832
2007Q2,unemployment_rate,4.3249484,Unemployment Rate,-1.0610505255358673
2007Q3,unemployment_rate,4.2552333,Unemployment Rate,-1.1144949412627208
2007Q4,unemployment_rate,4.353817833333333,Unemployment Rate,-1.0389188783480223
2008Q1,unemployment_rate,4.086222633333334,Unemployment Rate,-1.2440605064215746
2008Q2,unemployment_rate,4.258564,Unemployment Rate,-1.1119415874633087
2008Q3,unemployment_rate,4.1850008333333335,Unemployment Rate,-1.1683359763620855
2008Q4,unemployment_rate,4.441033366666667,Unemployment Rate,-0.9720584245681967
2009Q1,unemployment_rate,5.307357366666667,Unemployment Rate,-0.3079242554979282
2009Q2,unemployment_rate,5.729036,Unemployment Rate,0.015339545070356887
2009Q3,unemployment_rate,5.683215466666667,Unemployment Rate,-0.01978701477525474
2009Q4,unemployment_rate,5.5578409,Unemployment Rate,-0.11590063237757373
2010Q1,unemployment_rate,5.3289932,Unemployment Rate,-0.2913379711597639
2010Q2,unemployment_rate,5.290939833333333,Unemployment Rate,-0.3205101296726221
2010Q3,unemployment_rate,5.124916533333333,Unemployment Rate,-0.4477855444040665
2010Q4,unemployment_rate,5.090326233333333,Unemployment Rate,-0.47430287527380005
2011Q1,unemployment_rate,4.9672569,Unemployment Rate,-0.5686492738860575
2011Q2,unemployment_rate,4.9632171666666665,Unemployment Rate,-0.5717461809792451
2011Q3,unemployment_rate,5.194893633333333,Unemployment Rate,-0.3941402763952764
2011Q4,unemployment_rate,5.2052778,Unemployment Rate,-0.38617965207844546
2012Q1,unemployment_rate,5.140940400000001,Unemployment Rate,-0.4355014597267861
2012Q2,unemployment_rate,5.1192635,Unemployment Rate,-0.4521192262546902
2012Q3,unemployment_rate,5.2759066,Unemployment Rate,-0.33203478318363244
2012Q4,unemployment_rate,5.366588366666666,Unemployment Rate,-0.2625170741567669
2013Q1,unemployment_rate,5.474768766666667,Unemployment Rate,-0.17958470697810175
2013Q2,unemployment_rate,5.6312683,Unemployment Rate,-0.05961032380250233
2013Q3,unemployment_rate,5.7286164,Unemployment Rate,0.015017874774553254
2013Q4,unemployment_rate,5.840081433333334,Unemployment Rate,0.1004682805040767
2014Q1,unemployment_rate,5.899570700000001,Unemployment Rate,0.14607345210992653
2014Q2,unemployment_rate,5.927679333333333,Unemployment Rate,0.1676218610683916
2014Q3,unemployment_rate,6.169539133333333,Unemployment Rate,0.353034428773432
2014Q4,unemployment_rate,6.253391966666666,Unemployment Rate,0.41731699717742515
2015Q1,unemployment_rate,6.202812866666666,Unemployment Rate,0.3785424641495717
2015Q2,unemployment_rate,6.017128733333333,Unemployment Rate,0.2361948233121183
2015Q3,unemployment_rate,6.178474766666667,Unemployment Rate,0.3598845903976627
2015Q4,unemployment_rate,5.834532633333333,Unemployment Rate,0.09621450515289391
2016Q1,unemployment_rate,5.796395033333333,Unemployment Rate,0.06697777237585656
2016Q2,unemployment_rate,5.6874937,Unemployment Rate,-0.01650727077656366
2016Q3,unemployment_rate,5.6576064666666666,Unemployment Rate,-0.03941917541690918
2016Q4,unemployment_rate,5.733405633333334,Unemployment Rate,0.018689357384197226
2017Q1,unemployment_rate,5.807673066666666,Unemployment Rate,0.07562364539401156
2017Q2,unemployment_rate,5.593200266666667,Unemployment Rate,-0.08879372595455244
2017Q3,unemployment_rate,5.532623233333333,Unemployment Rate,-0.13523279228259547
2017Q4,unemployment_rate,5.491421833333334,Unemployment Rate,-0.16681827017946932
2018Q1,unemployment_rate,5.545387633333334,Unemployment Rate,-0.1254474530934686
2018Q2,unemployment_rate,5.441253533333334,Unemployment Rate,-0.20527787909503442
2018Q3,unemployment_rate,5.1852937,Unemployment Rate,-0.4014996982137451
2018Q4,unemployment_rate,5.042751866666666,Unemployment Rate,-0.5107739443832915
2019Q1,unemployment_rate,5.0437186333333335,Unemployment Rate,-0.5100328096844354
2019Q2,unemployment_rate,5.225507400000001,Unemployment Rate,-0.3706714027553006
2019Q3,unemployment_rate,5.252756266666666,Unemployment Rate,-0.3497821010370375
2019Q4,unemployment_rate,5.171337833333333,Unemployment Rate,-0.41219842976489923
2020Q1,unemployment_rate,5.186909333333333,Unemployment Rate,-0.40026113469552826
2020Q2,unemployment_rate,6.9056799,Unemployment Rate,0.9173685998098075
2020Q3,unemployment_rate,7.050215966666666,Unemployment Rate,1.0281716487110861
2020Q4,unemployment_rate,6.7729957,Unemployment Rate,0.8156513313100854
2021Q1,unemployment_rate,5.932969166666666,Unemployment Rate,0.1716771095266515
2021Q2,unemployment_rate,5.2007346,Unemployment Rate,-0.3896625226406374
2021Q3,unemployment_rate,4.664694133333334,Unemployment Rate,-0.8005974498938417
2021Q4,unemployment_rate,4.6930859,Unemployment Rate,-0.7788319875915123
2022Q1,unemployment_rate,4.0610144,Unemployment Rate,-1.263385434622297
2022Q2,unemployment_rate,3.7994325,Unemployment Rate,-1.4639171961807003
2022Q3,unemployment_rate,3.5227551333333333,Unemployment Rate,-1.6760213200555054
2022Q4,unemployment_rate,3.4929186333333333,Unemployment Rate,-1.6988943319257352
2023Q1,unemployment_rate,3.623145633333333,Unemployment Rate,-1.5990607818503437
2023Q2,unemployment_rate,3.6039779,Unemployment Rate,-1.61375499169596
2023Q3,unemployment_rate,3.6488515666666665,Unemployment Rate,-1.5793543109751178
2023Q4,unemployment_rate,3.899197733333333,Unemployment Rate,-1.3874359947572898
2024Q1,unemployment_rate,3.9113048,Unemployment Rate,-1.3781545750337856
2024Q2,unemployment_rate,4.039988866666668,Unemployment Rate,-1.2795038558014307
2024Q3,unemployment_rate,4.109908833333333,Unemployment Rate,-1.2259023868780414
2024Q4,unemployment_rate,4.008619466666667,Unemployment Rate,-1.3035520068433433
2025Q1,unemployment_rate,4.094575966666667,Unemployment Rate,-1.237656742827007
2025Q2,unemployment_rate,4.157974933333333,Unemployment Rate,-1.1890543492109005
2025Q3,unemployment_rate,4.3060484,Unemployment Rate,-1.0755394878587723
2025Q4,unemployment_rate,4.2573268,Unemployment Rate,-1.1128900395366361
1997Q4,wpi_growth,0.8995502248875464,Wage Price Growth,0.40730661895578796
1998Q1,wpi_growth,0.7429420505200568,Wage Price Growth,-0.10249177032775254
1998Q2,wpi_growth,0.5899705014749346,Wage Price Growth,-0.6004520436300655
1998Q3,wpi_growth,1.026392961876832,Wage Price Growth,0.8202111385992862
1998Q4,wpi_growth,0.5805515239477366,Wage Price Growth,-0.6311131479527287
1999Q1,wpi_growth,1.0101010101010166,Wage Price Growth,0.7671768011061091
1999Q2,wpi_growth,0.4285714285714226,Wage Price Growth,-1.1258459940441117
1999Q3,wpi_growth,0.9957325746799528,Wage Price Growth,0.7204039856782606
1999Q4,wpi_growth,0.5633802816901401,Wage Price Growth,-0.6870097937074944
2000Q1,wpi_growth,0.7002801120448154,Wage Price Growth,-0.24136694466799075
2000Q2,wpi_growth,0.5563282336578546,Wage Price Growth,-0.7099659563888444
2000Q3,wpi_growth,1.2448132780083163,Wage Price Growth,1.5312233561949198
2000Q4,wpi_growth,0.8196721311475308,Wage Price Growth,0.14728364319371898
2001Q1,wpi_growth,1.084010840108407,Wage Price Growth,1.0077716004655077
2001Q2,wpi_growth,0.536193029490617,Wage Price Growth,-0.7755110321411854
2001Q3,wpi_growth,1.0666666666666602,Wage Price Growth,0.9513120208824616
2001Q4,wpi_growth,0.7915567282322122,Wage Price Growth,0.05576104433720237
2002Q1,wpi_growth,0.654450261780104,Wage Price Growth,-0.390554456369844
2002Q2,wpi_growth,0.6501950585175553,Wage Price Growth,-0.40440619672811556
2002Q3,wpi_growth,1.1627906976743985,Wage Price Growth,1.264219545519048
2002Q4,wpi_growth,0.766283524904221,Wage Price Growth,-0.02650949103352334
2003Q1,wpi_growth,1.0139416983523386,Wage Price Growth,0.7796791924542751
2003Q2,wpi_growth,0.5018820577164185,Wage Price Growth,-0.8872017418751119
2003Q3,wpi_growth,1.2484394506866447,Wage Price Growth,1.5430274462313562
2003Q4,wpi_growth,0.9864364981504448,Wage Price Growth,0.6901429545377078
2004Q1,wpi_growth,0.73260073260073,Wage Price Growth,-0.1361553210308647
2004Q2,wpi_growth,0.4848484848484879,Wage Price Growth,-0.94265023967471
2004Q3,wpi_growth,1.3268998793727338,Wage Price Growth,1.798435571178937
2004Q4,wpi_growth,0.952380952380949,Wage Price Growth,0.5792837197015925
2005Q1,wpi_growth,1.0613207547169878,Wage Price Growth,0.9339097536495938
2005Q2,wpi_growth,0.7001166861143382,Wage Price Growth,-0.24189893654172887
2005Q3,wpi_growth,1.3904982618771822,Wage Price Growth,2.0054640554375265
2005Q4,wpi_growth,0.914285714285712,Wage Price Growth,0.4552742859746365
2006Q1,wpi_growth,1.0192525481313774,Wage Price Growth,0.7969673236390984
2006Q2,wpi_growth,0.7847533632286963,Wage Price Growth,0.033614406497201814
2006Q3,wpi_growth,1.1123470522803158,Wage Price Growth,1.1000129881323994
2006Q4,wpi_growth,0.990099009900991,Wage Price Growth,0.7020653372530516
2007Q1,wpi_growth,1.089324618736387,Wage Price Growth,1.025069265778921
2007Q2,wpi_growth,0.7543103448275801,Wage Price Growth,-0.06548515716542126
2007Q3,wpi_growth,1.3903743315508033,Wage Price Growth,2.0050606315356356
2007Q4,wpi_growth,0.9493670886076,Wage Price Growth,0.5694728467801833
2008Q1,wpi_growth,0.940438871473348,Wage Price Growth,0.5404092890661728
2008Q2,wpi_growth,0.9316770186335476,Wage Price Growth,0.5118872883282793
2008Q3,wpi_growth,1.1282051282051286,Wage Price Growth,1.1516349522875726
2008Q4,wpi_growth,1.2170385395537495,Wage Price Growth,1.4408097045187072
2009Q1,wpi_growth,0.7014028056112176,Wage Price Growth,-0.23771229909075692
2009Q2,wpi_growth,0.5970149253731183,Wage Price Growth,-0.5775206993932219
2009Q3,wpi_growth,0.8902077151335286,Wage Price Growth,0.37689443617094875
2009Q4,wpi_growth,0.6862745098039191,Wage Price Growth,-0.28695864824407874
2010Q1,wpi_growth,0.8763388510223846,Wage Price Growth,0.33174784906839694
2010Q2,wpi_growth,0.5791505791505891,Wage Price Growth,-0.6356735701908746
2010Q3,wpi_growth,1.4395393474088358,Wage Price Growth,2.1651049331485903
2010Q4,wpi_growth,0.8514664143803197,Wage Price Growth,0.25078190850435284
2011Q1,wpi_growth,0.9380863039399668,Wage Price Growth,0.5327510991661731
2011Q2,wpi_growth,0.5576208178438735,Wage Price Growth,-0.7057582747738378
2011Q3,wpi_growth,1.201478743068396,Wage Price Growth,1.390158713803502
2011Q4,wpi_growth,0.9132420091324313,Wage Price Growth,0.4518767672424347
2012Q1,wpi_growth,0.8144796380090469,Wage Price Growth,0.130380792183188
2012Q2,wpi_growth,0.7181328545780907,Wage Price Growth,-0.183251846752343
2012Q3,wpi_growth,1.158645276292325,Wage Price Growth,1.2507251723675954
2012Q4,wpi_growth,0.7048458149779613,Wage Price Growth,-0.22650445099123623
2013Q1,wpi_growth,0.6124234470691103,Wage Price Growth,-0.5273621455783714
2013Q2,wpi_growth,0.4347826086956496,Wage Price Growth,-1.1056270646320963
2013Q3,wpi_growth,0.952380952380949,Wage Price Growth,0.5792837197015925
2013Q4,wpi_growth,0.5145797598627766,Wage Price Growth,-0.8458675769890208
2014Q1,wpi_growth,0.682593856655278,Wage Price Growth,-0.2989400857026724
2014Q2,wpi_growth,0.4237288135593209,Wage Price Growth,-1.1416099051110822
2014Q3,wpi_growth,0.8438818565400741,Wage Price Growth,0.22609229452984933
2014Q4,wpi_growth,0.585774058577404,Wage Price Growth,-0.6141125044490604
2015Q1,wpi_growth,0.4159733777038266,Wage Price Growth,-1.1668557693406545
2015Q2,wpi_growth,0.4142502071251108,Wage Price Growth,-1.1724651162922939
2015Q3,wpi_growth,0.8250825082508184,Wage Price Growth,0.16489576046545415
2015Q4,wpi_growth,0.4091653027823216,Wage Price Growth,-1.1890177391300514
2016Q1,wpi_growth,0.4074979625101838,Wage Price Growth,-1.194445344608223
2016Q2,wpi_growth,0.4058441558441483,Wage Price Growth,-1.1998288948471325
2016Q3,wpi_growth,0.7275666936135794,Wage Price Growth,-0.15254236453995929
2016Q4,wpi_growth,0.4012841091492802,Wage Price Growth,-1.2146729760676085
2017Q1,wpi_growth,0.3996802557953538,Wage Price Growth,-1.2198939159053979
2017Q2,wpi_growth,0.398089171974525,Wage Price Growth,-1.225073287750767
2017Q3,wpi_growth,0.7930214115781098,Wage Price Growth,0.060528951335446564
2017Q4,wpi_growth,0.4720692368214152,Wage Price Growth,-0.9842498565961684
2018Q1,wpi_growth,0.3915426781519127,Wage Price Growth,-1.2463837462865457
2018Q2,wpi_growth,0.3900156006240163,Wage Price Growth,-1.2513547617982002
2018Q3,wpi_growth,1.0101010101010166,Wage Price Growth,0.7671768011061091
2018Q4,wpi_growth,0.4615384615384466,Wage Price Growth,-1.018530137934272
2019Q1,wpi_growth,0.4594180704440953,Wage Price Growth,-1.0254325360301395
2019Q2,wpi_growth,0.4573170731707598,Wage Price Growth,-1.0322718024360051
2019Q3,wpi_growth,0.834597875569032,Wage Price Growth,0.1958706374273908
2019Q4,wpi_growth,0.4514672686230181,Wage Price Growth,-1.0513143648571999
2020Q1,wpi_growth,0.4494382022471876,Wage Price Growth,-1.057919478379055
2020Q2,wpi_growth,0.0,Wage Price Growth,-2.5209521234723886
2020Q3,wpi_growth,0.4474272930648837,Wage Price Growth,-1.0644654857396187
2020Q4,wpi_growth,0.5196733481811489,Wage Price Growth,-0.8292866856602813
2021Q1,wpi_growth,0.5169867060561106,Wage Price Growth,-0.8380323710847971
2021Q2,wpi_growth,0.2939015429830993,Wage Price Growth,-1.5642298206560252
2021Q3,wpi_growth,0.879120879120876,Wage Price Growth,0.3408040394574401
2021Q4,wpi_growth,0.5809731299927456,Wage Price Growth,-0.6297407158716709
2022Q1,wpi_growth,0.5776173285198638,Wage Price Growth,-0.6406646806809154
2022Q2,wpi_growth,0.5743000717874924,Wage Price Growth,-0.6514631728147589
2022Q3,wpi_growth,1.4275517487508882,Wage Price Growth,2.126082330963989
2022Q4,wpi_growth,0.7741027445461013,Wage Price Growth,-0.0010559947841456865
2023Q1,wpi_growth,0.7681564245810124,Wage Price Growth,-0.020412738789432824
2023Q2,wpi_growth,0.6237006237006071,Wage Price Growth,-0.49065214301546245
2023Q3,wpi_growth,1.8595041322314156,Wage Price Growth,3.5321943058652963
2023Q4,wpi_growth,0.9465855307640324,Wage Price Growth,0.5604181871873688
2024Q1,wpi_growth,0.602813127930335,Wage Price Growth,-0.5586461142296621
2024Q2,wpi_growth,0.5992010652463353,Wage Price Growth,-0.5704042727404257
2024Q3,wpi_growth,1.3236267372600974,Wage Price Growth,1.7877806830566696
2024Q4,wpi_growth,0.653167864141091,Wage Price Growth,-0.3947289782517974
2025Q1,wpi_growth,0.7787151200519205,Wage Price Growth,0.013958429674438583
2025Q2,wpi_growth,0.5795235028976053,Wage Price Growth,-0.6344596110452405
2025Q3,wpi_growth,1.3444302176696787,Wage Price Growth,1.8555011634666492
2025Q4,wpi_growth,0.6948831332912242,Wage Price Growth,-0.2589354469935594
2000Q4,wti_growth,-4.853961301296483,WTI Oil Price Growth,-0.4357285548065547
2001Q1,wti_growth,-10.120841529738469,WTI Oil Price Growth,-0.7818228212978171
2001Q2,wti_growth,-2.403333483086956,WTI Oil Price Growth,-0.2746942801697072
2001Q3,wti_growth,-4.781154987412329,WTI Oil Price Growth,-0.43094434732380305
2001Q4,wti_growth,-22.93815961129964,WTI Oil Price Growth,-1.6240672064782518
2002Q1,wti_growth,5.336637026018876,WTI Oil Price Growth,0.23391030163704465
2002Q2,wti_growth,21.461555839881964,WTI Oil Price Growth,1.293501882812218
2002Q3,wti_growth,7.543689963571998,WTI Oil Price Growth,0.37893892093332787
2002Q4,wti_growth,-0.0651726029795907,WTI Oil Price Growth,-0.12105036961153931
2003Q1,wti_growth,19.72052589790676,WTI Oil Price Growth,1.1790963040687885
2003Q2,wti_growth,-14.475415250561364,WTI Oil Price Growth,-1.0679681165053645
2003Q3,wti_growth,4.50674237227795,WTI Oil Price Growth,0.17937673166891763
2003Q4,wti_growth,3.14092064947884,WTI Oil Price Growth,0.08962662405163804
2004Q1,wti_growth,13.125156801348512,WTI Oil Price Growth,0.7457051254758214
2004Q2,wti_growth,8.605764348391931,WTI Oil Price Growth,0.4487293545924103
2004Q3,wti_growth,14.64936843287241,WTI Oil Price Growth,0.8458632615467763
2004Q4,wti_growth,9.978812757142965,WTI Oil Price Growth,0.5389543381258324
2005Q1,wti_growth,3.644039815746525,WTI Oil Price Growth,0.12268730727484832
2005Q2,wti_growth,6.374395158698709,WTI Oil Price Growth,0.3021028794339797
2005Q3,wti_growth,18.96250533449926,WTI Oil Price Growth,1.1292856838346124
2005Q4,wti_growth,-5.157912957295685,WTI Oil Price Growth,-0.4557016547953818
2006Q1,wti_growth,5.714124119080855,WTI Oil Price Growth,0.25871552084018795
2006Q2,wti_growth,11.415164553215318,WTI Oil Price Growth,0.6333390781851522
2006Q3,wti_growth,-0.3130896950798933,WTI Oil Price Growth,-0.13734135790433416
2006Q4,wti_growth,-14.649224471997202,WTI Oil Price Growth,-1.0793893701494879
2007Q1,wti_growth,-3.163396402197327,WTI Oil Price Growth,-0.3246391065312753
2007Q2,wti_growth,11.58985211690988,WTI Oil Price Growth,0.6448180489609695
2007Q3,wti_growth,15.56906881657567,WTI Oil Price Growth,0.9062980950504177
2007Q4,wti_growth,20.43457367538908,WTI Oil Price Growth,1.2260174093661764
2008Q1,wti_growth,8.081377817619062,WTI Oil Price Growth,0.4142711622937371
2008Q2,wti_growth,26.560785903829665,WTI Oil Price Growth,1.6285796161394155
2008Q3,wti_growth,-4.505663784538172,WTI Oil Price Growth,-0.41284142459762374
2008Q4,wti_growth,-50.02795377530831,WTI Oil Price Growth,-3.404176499634762
2009Q1,wti_growth,-26.69423479367013,WTI Oil Price Growth,-1.870884302889251
2009Q2,wti_growth,38.049880175336014,WTI Oil Price Growth,2.3835445065641596
2009Q3,wti_growth,14.13683983485834,WTI Oil Price Growth,0.8121842710454208
2009Q4,wti_growth,11.565789536437588,WTI Oil Price Growth,0.6432368622285519
2010Q1,wti_growth,3.618047872709784,WTI Oil Price Growth,0.12097933935649591
2010Q2,wti_growth,-1.0535440341581936,WTI Oil Price Growth,-0.1859976763012657
2010Q3,wti_growth,-2.3652423087494268,WTI Oil Price Growth,-0.27219125438018055
2010Q4,wti_growth,11.850579723814755,WTI Oil Price Growth,0.6619508345858399
2011Q1,wti_growth,10.98494735455855,WTI Oil Price Growth,0.6050688879885004
2011Q2,wti_growth,8.183899591482735,WTI Oil Price Growth,0.42100801534255367
2011Q3,wti_growth,-12.51143396243377,WTI Oil Price Growth,-0.9389120845024961
2011Q4,wti_growth,5.044892544304647,WTI Oil Price Growth,0.21473935260795912
2012Q1,wti_growth,9.546271848092712,WTI Oil Price Growth,0.5105314535808586
2012Q2,wti_growth,-9.397147578651744,WTI Oil Price Growth,-0.734267852074677
2012Q3,wti_growth,-1.2295149892374124,WTI Oil Price Growth,-0.19756098056875707
2012Q4,wti_growth,-4.223891484801568,WTI Oil Price Growth,-0.3943257619728551
2013Q1,wti_growth,6.8521998853306565,WTI Oil Price Growth,0.3335001144606549
2013Q2,wti_growth,-0.1987599435958609,WTI Oil Price Growth,-0.12982858568211494
2013Q3,wti_growth,12.358368598840052,WTI Oil Price Growth,0.6953183710802648
2013Q4,wti_growth,-7.749921215551325,WTI Oil Price Growth,-0.6260262412623212
2014Q1,wti_growth,1.028229983991058,WTI Oil Price Growth,-0.04920131478137142
2014Q2,wti_growth,4.4386243814280135,WTI Oil Price Growth,0.1749006006282387
2014Q3,wti_growth,-5.5761593131730125,WTI Oil Price Growth,-0.48318522371504696
2014Q4,wti_growth,-24.73320774204052,WTI Oil Price Growth,-1.742022398010878
2015Q1,wti_growth,-33.63742254169807,WTI Oil Price Growth,-2.32713114476507
2015Q2,wti_growth,19.300580294586144,WTI Oil Price Growth,1.1515010751583952
2015Q3,wti_growth,-19.761328429445125,WTI Oil Price Growth,-1.4153130655139055
2015Q4,wti_growth,-9.337343644649254,WTI Oil Price Growth,-0.7303380496538602
2016Q1,wti_growth,-20.234794263184185,WTI Oil Price Growth,-1.4464251856551043
2016Q2,wti_growth,35.73415187078617,WTI Oil Price Growth,2.231374672773708
2016Q3,wti_growth,-1.5408470301588206,WTI Oil Price Growth,-0.21801905625387596
2016Q4,wti_growth,9.82083001827938,WTI Oil Price Growth,0.5285730653886987
2017Q1,wti_growth,4.9213768645403055,WTI Oil Price Growth,0.20662295984144757
2017Q2,wti_growth,-7.014261029047475,WTI Oil Price Growth,-0.5776849535185914
2017Q3,wti_growth,0.0975789141918426,WTI Oil Price Growth,-0.11035573360071632
2017Q4,wti_growth,14.740299090297016,WTI Oil Price Growth,0.8518384456819671
2018Q1,wti_growth,13.73124077206398,WTI Oil Price Growth,0.7855317739240114
2018Q2,wti_growth,7.975153644962551,WTI Oil Price Growth,0.40729101930118006
2018Q3,wti_growth,2.242465168068985,WTI Oil Price Growth,0.03058782359925315
2018Q4,wti_growth,-14.391201670243802,WTI Oil Price Growth,-1.0624343211569878
2019Q1,wti_growth,-7.643905450661748,WTI Oil Price Growth,-0.6190597930435391
2019Q2,wti_growth,9.13530801353193,WTI Oil Price Growth,0.4835264295993612
2019Q3,wti_growth,-5.801264711483578,WTI Oil Price Growth,-0.49797722283642526
2019Q4,wti_growth,0.7613662303950886,WTI Oil Price Growth,-0.06673731542082842
2020Q1,wti_growth,-19.499623953595712,WTI Oil Price Growth,-1.3981160884272674
2020Q2,wti_growth,-38.82996522364621,WTI Oil Price Growth,-2.668340584278948
2020Q3,wti_growth,46.14659584834544,WTI Oil Price Growth,2.9155913256100985
2020Q4,wti_growth,4.333101776545312,WTI Oil Price Growth,0.1679665586620083
2021Q1,wti_growth,36.1592748287189,WTI Oil Price Growth,2.259310113093726
2021Q2,wti_growth,13.817731552215884,WTI Oil Price Growth,0.7912152073450492
2021Q3,wti_growth,6.571200185379511,WTI Oil Price Growth,0.31503522047774674
2021Q4,wti_growth,9.338530422527436,WTI Oil Price Growth,0.4968804660545803
2022Q1,wti_growth,23.22357136924058,WTI Oil Price Growth,1.4092864546516235
2022Q2,wti_growth,14.223095826166077,WTI Oil Price Growth,0.8178522761541981
2022Q3,wti_growth,-15.748418266966812,WTI Oil Price Growth,-1.151618973577225
2022Q4,wti_growth,-9.61022949028104,WTI Oil Price Growth,-0.7482697706126484
2023Q1,wti_growth,-8.05593820400805,WTI Oil Price Growth,-0.6461350572140987
2023Q2,wti_growth,-3.193453985986805,WTI Oil Price Growth,-0.32661423354440594
2023Q3,wti_growth,11.76808307659838,WTI Oil Price Growth,0.6565298613781796
2023Q4,wti_growth,-4.479620044227383,WTI Oil Price Growth,-0.41113005300597893
2024Q1,wti_growth,-2.0707665572304634,WTI Oil Price Growth,-0.2528408296883385
2024Q2,wti_growth,4.879354758135035,WTI Oil Price Growth,0.20386162685836356
2024Q3,wti_growth,-6.677110357289662,WTI Oil Price Growth,-0.5555302985087937
2024Q4,wti_growth,-6.582766036496901,WTI Oil Price Growth,-0.5493307976494309
2025Q1,wti_growth,1.5682192246133209,WTI Oil Price Growth,-0.01371784600281148
2025Q2,wti_growth,-10.835423655603185,WTI Oil Price Growth,-0.8287790393950861
2025Q3,wti_growth,2.0543896620767166,WTI Oil Price Growth,0.01822911190122347
2025Q4,wti_growth,-9.00832168424942,WTI Oil Price Growth,-0.7087175439455345
