system,target,forecast_origin,quarter,shock,shock_z,flagged
System A,cpi_yoy,2025Q4,1995Q4,cpi_yoy,0.5155482229526089,False
System A,cpi_yoy,2025Q4,1996Q1,cpi_yoy,-0.45678741725188304,False
System A,cpi_yoy,2025Q4,1996Q2,cpi_yoy,0.02568830543969156,False
System A,cpi_yoy,2025Q4,1996Q3,cpi_yoy,-0.6354682452981103,False
System A,cpi_yoy,2025Q4,1996Q4,cpi_yoy,0.06727692291286407,False
System A,cpi_yoy,2025Q4,1997Q1,cpi_yoy,-0.2713044757994455,False
System A,cpi_yoy,2025Q4,1997Q2,cpi_yoy,-1.3928587096258034,False
System A,cpi_yoy,2025Q4,1997Q3,cpi_yoy,-1.6335488862875203,False
System A,cpi_yoy,2025Q4,1997Q4,cpi_yoy,-1.043471754092792,False
System A,cpi_yoy,2025Q4,1998Q1,cpi_yoy,-0.7688358756448997,False
System A,cpi_yoy,2025Q4,1998Q2,cpi_yoy,-0.11881965873203063,False
System A,cpi_yoy,2025Q4,1998Q3,cpi_yoy,0.3963534319384402,False
System A,cpi_yoy,2025Q4,1998Q4,cpi_yoy,-0.25165785473090646,False
System A,cpi_yoy,2025Q4,1999Q1,cpi_yoy,-0.4242956999556109,False
System A,cpi_yoy,2025Q4,1999Q2,cpi_yoy,-0.06135823554690112,False
System A,cpi_yoy,2025Q4,1999Q3,cpi_yoy,0.7865771044130019,False
System A,cpi_yoy,2025Q4,1999Q4,cpi_yoy,0.0075804299199045974,False
System A,cpi_yoy,2025Q4,2000Q1,cpi_yoy,1.4097434530008515,False
System A,cpi_yoy,2025Q4,2000Q2,cpi_yoy,-0.2748372794171986,False
System A,cpi_yoy,2025Q4,2000Q3,cpi_yoy,3.7203764579644183,True
System A,cpi_yoy,2025Q4,2000Q4,cpi_yoy,0.762404672338052,False
System A,cpi_yoy,2025Q4,2001Q1,cpi_yoy,1.9472807365989948,False
System A,cpi_yoy,2025Q4,2001Q2,cpi_yoy,2.723168198184314,True
System A,cpi_yoy,2025Q4,2001Q3,cpi_yoy,-3.2219880863596817,True
System A,cpi_yoy,2025Q4,2001Q4,cpi_yoy,1.4594442031732804,False
System A,cpi_yoy,2025Q4,2002Q1,cpi_yoy,0.4812464207992993,False
System A,cpi_yoy,2025Q4,2002Q2,cpi_yoy,0.5266213236400624,False
System A,cpi_yoy,2025Q4,2002Q3,cpi_yoy,0.75762320264485,False
System A,cpi_yoy,2025Q4,2002Q4,cpi_yoy,-0.13896346521464992,False
System A,cpi_yoy,2025Q4,2003Q1,cpi_yoy,0.9607280475722128,False
System A,cpi_yoy,2025Q4,2003Q2,cpi_yoy,-0.3089080999186137,False
System A,cpi_yoy,2025Q4,2003Q3,cpi_yoy,0.10902996883091766,False
System A,cpi_yoy,2025Q4,2003Q4,cpi_yoy,0.23897189470527994,False
System A,cpi_yoy,2025Q4,2004Q1,cpi_yoy,-0.9092346105575789,False
System A,cpi_yoy,2025Q4,2004Q2,cpi_yoy,0.3646613442919339,False
System A,cpi_yoy,2025Q4,2004Q3,cpi_yoy,-0.39152632366502405,False
System A,cpi_yoy,2025Q4,2004Q4,cpi_yoy,-0.3659150330119648,False
System A,cpi_yoy,2025Q4,2005Q1,cpi_yoy,-0.2747335009957267,False
System A,cpi_yoy,2025Q4,2005Q2,cpi_yoy,-0.438251332111442,False
System A,cpi_yoy,2025Q4,2005Q3,cpi_yoy,0.2846264390643897,False
System A,cpi_yoy,2025Q4,2005Q4,cpi_yoy,-0.7871652566167127,False
System A,cpi_yoy,2025Q4,2006Q1,cpi_yoy,0.26141961736483416,False
System A,cpi_yoy,2025Q4,2006Q2,cpi_yoy,1.2754753130910068,False
System A,cpi_yoy,2025Q4,2006Q3,cpi_yoy,-0.28407200827342477,False
System A,cpi_yoy,2025Q4,2006Q4,cpi_yoy,-0.7639242816293218,False
System A,cpi_yoy,2025Q4,2007Q1,cpi_yoy,-1.0828053638865651,False
System A,cpi_yoy,2025Q4,2007Q2,cpi_yoy,-1.0635310676799083,False
System A,cpi_yoy,2025Q4,2007Q3,cpi_yoy,-0.8974400172891148,False
System A,cpi_yoy,2025Q4,2007Q4,cpi_yoy,1.1817361061115514,False
System A,cpi_yoy,2025Q4,2008Q1,cpi_yoy,1.1601956322507165,False
System A,cpi_yoy,2025Q4,2008Q2,cpi_yoy,0.05165658303242838,False
System A,cpi_yoy,2025Q4,2008Q3,cpi_yoy,0.011183776118238281,False
System A,cpi_yoy,2025Q4,2008Q4,cpi_yoy,-1.9896834006348758,False
System A,cpi_yoy,2025Q4,2009Q1,cpi_yoy,0.6541536038316272,False
System A,cpi_yoy,2025Q4,2009Q2,cpi_yoy,0.9601134770697156,False
System A,cpi_yoy,2025Q4,2009Q3,cpi_yoy,0.353793076925285,False
System A,cpi_yoy,2025Q4,2009Q4,cpi_yoy,1.5855956554407764,False
System A,cpi_yoy,2025Q4,2010Q1,cpi_yoy,0.6298623659240333,False
System A,cpi_yoy,2025Q4,2010Q2,cpi_yoy,-0.35048931513448794,False
System A,cpi_yoy,2025Q4,2010Q3,cpi_yoy,-1.0028281146576774,False
System A,cpi_yoy,2025Q4,2010Q4,cpi_yoy,-0.5501117972600271,False
System A,cpi_yoy,2025Q4,2011Q1,cpi_yoy,0.8803386558522583,False
System A,cpi_yoy,2025Q4,2011Q2,cpi_yoy,0.9615500749203523,False
System A,cpi_yoy,2025Q4,2011Q3,cpi_yoy,0.11816386606684945,False
System A,cpi_yoy,2025Q4,2011Q4,cpi_yoy,-0.026470735148547385,False
System A,cpi_yoy,2025Q4,2012Q1,cpi_yoy,-1.473856096024509,False
System A,cpi_yoy,2025Q4,2012Q2,cpi_yoy,-0.3805614747573356,False
System A,cpi_yoy,2025Q4,2012Q3,cpi_yoy,1.3675999929396427,False
System A,cpi_yoy,2025Q4,2012Q4,cpi_yoy,0.6253714239954471,False
System A,cpi_yoy,2025Q4,2013Q1,cpi_yoy,1.2180791280576309,False
System A,cpi_yoy,2025Q4,2013Q2,cpi_yoy,0.7474300350175153,False
System A,cpi_yoy,2025Q4,2013Q3,cpi_yoy,-0.032980347641503364,False
System A,cpi_yoy,2025Q4,2013Q4,cpi_yoy,0.8880736773641184,False
System A,cpi_yoy,2025Q4,2014Q1,cpi_yoy,0.7558681227305596,False
System A,cpi_yoy,2025Q4,2014Q2,cpi_yoy,1.2140877545495752,False
System A,cpi_yoy,2025Q4,2014Q3,cpi_yoy,-0.23856235198509837,False
System A,cpi_yoy,2025Q4,2014Q4,cpi_yoy,-0.38383114992513906,False
System A,cpi_yoy,2025Q4,2015Q1,cpi_yoy,-0.588475011729063,False
System A,cpi_yoy,2025Q4,2015Q2,cpi_yoy,0.1659735899254844,False
System A,cpi_yoy,2025Q4,2015Q3,cpi_yoy,-0.1146640280340172,False
System A,cpi_yoy,2025Q4,2015Q4,cpi_yoy,0.16192451116461015,False
System A,cpi_yoy,2025Q4,2016Q1,cpi_yoy,-0.4733872492953927,False
System A,cpi_yoy,2025Q4,2016Q2,cpi_yoy,-0.7946914782656772,False
System A,cpi_yoy,2025Q4,2016Q3,cpi_yoy,0.23555490679531826,False
System A,cpi_yoy,2025Q4,2016Q4,cpi_yoy,-0.7183063110834569,False
System A,cpi_yoy,2025Q4,2017Q1,cpi_yoy,0.5619602152400404,False
System A,cpi_yoy,2025Q4,2017Q2,cpi_yoy,-0.7398203256122627,False
System A,cpi_yoy,2025Q4,2017Q3,cpi_yoy,-0.44297350318862316,False
System A,cpi_yoy,2025Q4,2017Q4,cpi_yoy,0.2887775843618421,False
System A,cpi_yoy,2025Q4,2018Q1,cpi_yoy,-0.2827429714799243,False
System A,cpi_yoy,2025Q4,2018Q2,cpi_yoy,-0.2859719470439731,False
System A,cpi_yoy,2025Q4,2018Q3,cpi_yoy,-1.1666465352839919,False
System A,cpi_yoy,2025Q4,2018Q4,cpi_yoy,-1.0868266045254382,False
System A,cpi_yoy,2025Q4,2019Q1,cpi_yoy,-1.391902852374919,False
System A,cpi_yoy,2025Q4,2019Q2,cpi_yoy,-0.08284225634569528,False
System A,cpi_yoy,2025Q4,2019Q3,cpi_yoy,-0.4087771859867834,False
System A,cpi_yoy,2025Q4,2019Q4,cpi_yoy,0.16719388594679738,False
System A,cpi_yoy,2025Q4,2020Q1,cpi_yoy,0.7240447298690036,False
System A,cpi_yoy,2025Q4,2020Q2,cpi_yoy,-1.6050251479958833,False
System A,cpi_yoy,2025Q4,2020Q3,cpi_yoy,0.7183609278310962,False
System A,cpi_yoy,2025Q4,2020Q4,cpi_yoy,-0.38039187384350215,False
System A,cpi_yoy,2025Q4,2021Q1,cpi_yoy,-1.5553416841839398,False
System A,cpi_yoy,2025Q4,2021Q2,cpi_yoy,2.7045557136678515,True
System A,cpi_yoy,2025Q4,2021Q3,cpi_yoy,-2.0076244535591754,True
System A,cpi_yoy,2025Q4,2021Q4,cpi_yoy,0.7443643197461275,False
System A,cpi_yoy,2025Q4,2022Q1,cpi_yoy,0.6046166683601055,False
System A,cpi_yoy,2025Q4,2022Q2,cpi_yoy,1.0502907554604044,False
System A,cpi_yoy,2025Q4,2022Q3,cpi_yoy,0.9170774974135854,False
System A,cpi_yoy,2025Q4,2022Q4,cpi_yoy,0.03856652886726665,False
System A,cpi_yoy,2025Q4,2023Q1,cpi_yoy,-0.3071612643735021,False
System A,cpi_yoy,2025Q4,2023Q2,cpi_yoy,-0.657170572536413,False
System A,cpi_yoy,2025Q4,2023Q3,cpi_yoy,-0.7579314415201996,False
System A,cpi_yoy,2025Q4,2023Q4,cpi_yoy,-1.4455443061035131,False
System A,cpi_yoy,2025Q4,2024Q1,cpi_yoy,-0.5217897312094404,False
System A,cpi_yoy,2025Q4,2024Q2,cpi_yoy,0.4355771824903417,False
System A,cpi_yoy,2025Q4,2024Q3,cpi_yoy,-1.343391643517907,False
System A,cpi_yoy,2025Q4,2024Q4,cpi_yoy,-1.3223028674051582,False
System A,cpi_yoy,2025Q4,2025Q1,cpi_yoy,-0.2951613085784581,False
System A,cpi_yoy,2025Q4,2025Q2,cpi_yoy,-0.4539971774195847,False
System A,cpi_yoy,2025Q4,2025Q3,cpi_yoy,1.2182198321619835,False
System A,cpi_yoy,2025Q4,2025Q4,cpi_yoy,0.7381814869165372,False
System B,trimmed_mean_cpi_yoy,2025Q4,1995Q4,trimmed_mean_cpi_yoy,-0.783006327550557,False
System B,trimmed_mean_cpi_yoy,2025Q4,1996Q1,trimmed_mean_cpi_yoy,0.13781790254765042,False
System B,trimmed_mean_cpi_yoy,2025Q4,1996Q2,trimmed_mean_cpi_yoy,-0.3301090113693317,False
System B,trimmed_mean_cpi_yoy,2025Q4,1996Q3,trimmed_mean_cpi_yoy,-0.7440967272392851,False
System B,trimmed_mean_cpi_yoy,2025Q4,1996Q4,trimmed_mean_cpi_yoy,0.2764904787845825,False
System B,trimmed_mean_cpi_yoy,2025Q4,1997Q1,trimmed_mean_cpi_yoy,1.1812150450178214,False
System B,trimmed_mean_cpi_yoy,2025Q4,1997Q2,trimmed_mean_cpi_yoy,-1.8557661117360558,False
System B,trimmed_mean_cpi_yoy,2025Q4,1997Q3,trimmed_mean_cpi_yoy,-0.4320217545630982,False
System B,trimmed_mean_cpi_yoy,2025Q4,1997Q4,trimmed_mean_cpi_yoy,0.7656486587222728,False
System B,trimmed_mean_cpi_yoy,2025Q4,1998Q1,trimmed_mean_cpi_yoy,-0.98384911795097,False
System B,trimmed_mean_cpi_yoy,2025Q4,1998Q2,trimmed_mean_cpi_yoy,1.0084593420002432,False
System B,trimmed_mean_cpi_yoy,2025Q4,1998Q3,trimmed_mean_cpi_yoy,0.005791216511736249,False
System B,trimmed_mean_cpi_yoy,2025Q4,1998Q4,trimmed_mean_cpi_yoy,-1.5963007848363644,False
System B,trimmed_mean_cpi_yoy,2025Q4,1999Q1,trimmed_mean_cpi_yoy,0.778496461732364,False
System B,trimmed_mean_cpi_yoy,2025Q4,1999Q2,trimmed_mean_cpi_yoy,0.049308952372567064,False
System B,trimmed_mean_cpi_yoy,2025Q4,1999Q3,trimmed_mean_cpi_yoy,2.349496022657514,True
System B,trimmed_mean_cpi_yoy,2025Q4,1999Q4,trimmed_mean_cpi_yoy,-0.2373572494524508,False
System B,trimmed_mean_cpi_yoy,2025Q4,2000Q1,trimmed_mean_cpi_yoy,1.1969024676116902,False
System B,trimmed_mean_cpi_yoy,2025Q4,2000Q2,trimmed_mean_cpi_yoy,0.07502684971918089,False
System B,trimmed_mean_cpi_yoy,2025Q4,2000Q3,trimmed_mean_cpi_yoy,-2.1698173177580746,True
System B,trimmed_mean_cpi_yoy,2025Q4,2000Q4,trimmed_mean_cpi_yoy,0.18828430546903493,False
System B,trimmed_mean_cpi_yoy,2025Q4,2001Q1,trimmed_mean_cpi_yoy,0.7926298959613572,False
System B,trimmed_mean_cpi_yoy,2025Q4,2001Q2,trimmed_mean_cpi_yoy,0.45453645415092725,False
System B,trimmed_mean_cpi_yoy,2025Q4,2001Q3,trimmed_mean_cpi_yoy,-0.09271527716998883,False
System B,trimmed_mean_cpi_yoy,2025Q4,2001Q4,trimmed_mean_cpi_yoy,1.383474542735487,False
System B,trimmed_mean_cpi_yoy,2025Q4,2002Q1,trimmed_mean_cpi_yoy,-0.7992934142596387,False
System B,trimmed_mean_cpi_yoy,2025Q4,2002Q2,trimmed_mean_cpi_yoy,0.42371210355123295,False
System B,trimmed_mean_cpi_yoy,2025Q4,2002Q3,trimmed_mean_cpi_yoy,1.0564878390286538,False
System B,trimmed_mean_cpi_yoy,2025Q4,2002Q4,trimmed_mean_cpi_yoy,-0.2102161082357696,False
System B,trimmed_mean_cpi_yoy,2025Q4,2003Q1,trimmed_mean_cpi_yoy,1.138094637970725,False
System B,trimmed_mean_cpi_yoy,2025Q4,2003Q2,trimmed_mean_cpi_yoy,0.12271685912562807,False
System B,trimmed_mean_cpi_yoy,2025Q4,2003Q3,trimmed_mean_cpi_yoy,0.5814971934968729,False
System B,trimmed_mean_cpi_yoy,2025Q4,2003Q4,trimmed_mean_cpi_yoy,-0.232386581476546,False
System B,trimmed_mean_cpi_yoy,2025Q4,2004Q1,trimmed_mean_cpi_yoy,0.3448881487398626,False
System B,trimmed_mean_cpi_yoy,2025Q4,2004Q2,trimmed_mean_cpi_yoy,0.5157531339496734,False
System B,trimmed_mean_cpi_yoy,2025Q4,2004Q3,trimmed_mean_cpi_yoy,-0.06457289108617939,False
System B,trimmed_mean_cpi_yoy,2025Q4,2004Q4,trimmed_mean_cpi_yoy,0.05327451000924466,False
System B,trimmed_mean_cpi_yoy,2025Q4,2005Q1,trimmed_mean_cpi_yoy,0.04447911821027319,False
System B,trimmed_mean_cpi_yoy,2025Q4,2005Q2,trimmed_mean_cpi_yoy,-0.41947989375098316,False
System B,trimmed_mean_cpi_yoy,2025Q4,2005Q3,trimmed_mean_cpi_yoy,-0.4890800409037646,False
System B,trimmed_mean_cpi_yoy,2025Q4,2005Q4,trimmed_mean_cpi_yoy,-0.29329033210480066,False
System B,trimmed_mean_cpi_yoy,2025Q4,2006Q1,trimmed_mean_cpi_yoy,0.9908939022042399,False
System B,trimmed_mean_cpi_yoy,2025Q4,2006Q2,trimmed_mean_cpi_yoy,0.10249105753718926,False
System B,trimmed_mean_cpi_yoy,2025Q4,2006Q3,trimmed_mean_cpi_yoy,-0.25595473109730504,False
System B,trimmed_mean_cpi_yoy,2025Q4,2006Q4,trimmed_mean_cpi_yoy,-0.668939540723606,False
System B,trimmed_mean_cpi_yoy,2025Q4,2007Q1,trimmed_mean_cpi_yoy,-0.980061098680978,False
System B,trimmed_mean_cpi_yoy,2025Q4,2007Q2,trimmed_mean_cpi_yoy,0.39091108134230745,False
System B,trimmed_mean_cpi_yoy,2025Q4,2007Q3,trimmed_mean_cpi_yoy,-0.2960837588818069,False
System B,trimmed_mean_cpi_yoy,2025Q4,2007Q4,trimmed_mean_cpi_yoy,2.506925891408594,True
System B,trimmed_mean_cpi_yoy,2025Q4,2008Q1,trimmed_mean_cpi_yoy,0.6494178806304661,False
System B,trimmed_mean_cpi_yoy,2025Q4,2008Q2,trimmed_mean_cpi_yoy,0.08727422676659534,False
System B,trimmed_mean_cpi_yoy,2025Q4,2008Q3,trimmed_mean_cpi_yoy,0.897356712833791,False
System B,trimmed_mean_cpi_yoy,2025Q4,2008Q4,trimmed_mean_cpi_yoy,-2.393342127275123,True
System B,trimmed_mean_cpi_yoy,2025Q4,2009Q1,trimmed_mean_cpi_yoy,1.1872470473419414,False
System B,trimmed_mean_cpi_yoy,2025Q4,2009Q2,trimmed_mean_cpi_yoy,0.12114979251980969,False
System B,trimmed_mean_cpi_yoy,2025Q4,2009Q3,trimmed_mean_cpi_yoy,0.15914175463962502,False
System B,trimmed_mean_cpi_yoy,2025Q4,2009Q4,trimmed_mean_cpi_yoy,2.034823445002752,True
System B,trimmed_mean_cpi_yoy,2025Q4,2010Q1,trimmed_mean_cpi_yoy,0.29831542532148564,False
System B,trimmed_mean_cpi_yoy,2025Q4,2010Q2,trimmed_mean_cpi_yoy,-0.45118034993931044,False
System B,trimmed_mean_cpi_yoy,2025Q4,2010Q3,trimmed_mean_cpi_yoy,-0.026865587277837513,False
System B,trimmed_mean_cpi_yoy,2025Q4,2010Q4,trimmed_mean_cpi_yoy,-0.5398247609969247,False
System B,trimmed_mean_cpi_yoy,2025Q4,2011Q1,trimmed_mean_cpi_yoy,0.6988142089741939,False
System B,trimmed_mean_cpi_yoy,2025Q4,2011Q2,trimmed_mean_cpi_yoy,1.6665676295361025,False
System B,trimmed_mean_cpi_yoy,2025Q4,2011Q3,trimmed_mean_cpi_yoy,-1.7337456549956405,False
System B,trimmed_mean_cpi_yoy,2025Q4,2011Q4,trimmed_mean_cpi_yoy,1.3757565242844365,False
System B,trimmed_mean_cpi_yoy,2025Q4,2012Q1,trimmed_mean_cpi_yoy,-1.7753658502445582,False
System B,trimmed_mean_cpi_yoy,2025Q4,2012Q2,trimmed_mean_cpi_yoy,-0.6377162828454633,False
System B,trimmed_mean_cpi_yoy,2025Q4,2012Q3,trimmed_mean_cpi_yoy,1.1912736957754486,False
System B,trimmed_mean_cpi_yoy,2025Q4,2012Q4,trimmed_mean_cpi_yoy,-1.1834812681927553,False
System B,trimmed_mean_cpi_yoy,2025Q4,2013Q1,trimmed_mean_cpi_yoy,0.6004439133305752,False
System B,trimmed_mean_cpi_yoy,2025Q4,2013Q2,trimmed_mean_cpi_yoy,0.6131179613761576,False
System B,trimmed_mean_cpi_yoy,2025Q4,2013Q3,trimmed_mean_cpi_yoy,0.1513842966730528,False
System B,trimmed_mean_cpi_yoy,2025Q4,2013Q4,trimmed_mean_cpi_yoy,1.4136081168091095,False
System B,trimmed_mean_cpi_yoy,2025Q4,2014Q1,trimmed_mean_cpi_yoy,-0.028933440026086443,False
System B,trimmed_mean_cpi_yoy,2025Q4,2014Q2,trimmed_mean_cpi_yoy,1.289450057664599,False
System B,trimmed_mean_cpi_yoy,2025Q4,2014Q3,trimmed_mean_cpi_yoy,-0.8338148081898842,False
System B,trimmed_mean_cpi_yoy,2025Q4,2014Q4,trimmed_mean_cpi_yoy,0.2666841413321808,False
System B,trimmed_mean_cpi_yoy,2025Q4,2015Q1,trimmed_mean_cpi_yoy,1.0975660906562412,False
System B,trimmed_mean_cpi_yoy,2025Q4,2015Q2,trimmed_mean_cpi_yoy,-0.5357036143344269,False
System B,trimmed_mean_cpi_yoy,2025Q4,2015Q3,trimmed_mean_cpi_yoy,-0.01331836653746112,False
System B,trimmed_mean_cpi_yoy,2025Q4,2015Q4,trimmed_mean_cpi_yoy,-0.2282398963201757,False
System B,trimmed_mean_cpi_yoy,2025Q4,2016Q1,trimmed_mean_cpi_yoy,-1.0320911236302732,False
System B,trimmed_mean_cpi_yoy,2025Q4,2016Q2,trimmed_mean_cpi_yoy,0.11300341856589378,False
System B,trimmed_mean_cpi_yoy,2025Q4,2016Q3,trimmed_mean_cpi_yoy,-0.26906148623239495,False
System B,trimmed_mean_cpi_yoy,2025Q4,2016Q4,trimmed_mean_cpi_yoy,-1.003315137724598,False
System B,trimmed_mean_cpi_yoy,2025Q4,2017Q1,trimmed_mean_cpi_yoy,0.6256810488771016,False
System B,trimmed_mean_cpi_yoy,2025Q4,2017Q2,trimmed_mean_cpi_yoy,-0.22097445975764116,False
System B,trimmed_mean_cpi_yoy,2025Q4,2017Q3,trimmed_mean_cpi_yoy,-0.15513479671832298,False
System B,trimmed_mean_cpi_yoy,2025Q4,2017Q4,trimmed_mean_cpi_yoy,-0.6730756523709948,False
System B,trimmed_mean_cpi_yoy,2025Q4,2018Q1,trimmed_mean_cpi_yoy,-0.4215331782029247,False
System B,trimmed_mean_cpi_yoy,2025Q4,2018Q2,trimmed_mean_cpi_yoy,-1.0973302075677063,False
System B,trimmed_mean_cpi_yoy,2025Q4,2018Q3,trimmed_mean_cpi_yoy,-0.5028083737113122,False
System B,trimmed_mean_cpi_yoy,2025Q4,2018Q4,trimmed_mean_cpi_yoy,-0.7129352433163122,False
System B,trimmed_mean_cpi_yoy,2025Q4,2019Q1,trimmed_mean_cpi_yoy,-1.4709913560426873,False
System B,trimmed_mean_cpi_yoy,2025Q4,2019Q2,trimmed_mean_cpi_yoy,-0.32972308757084684,False
System B,trimmed_mean_cpi_yoy,2025Q4,2019Q3,trimmed_mean_cpi_yoy,-0.745238766049901,False
System B,trimmed_mean_cpi_yoy,2025Q4,2019Q4,trimmed_mean_cpi_yoy,-0.9668013803607665,False
System B,trimmed_mean_cpi_yoy,2025Q4,2020Q1,trimmed_mean_cpi_yoy,0.25847024487082243,False
System B,trimmed_mean_cpi_yoy,2025Q4,2020Q2,trimmed_mean_cpi_yoy,-0.6439659850766222,False
System B,trimmed_mean_cpi_yoy,2025Q4,2020Q3,trimmed_mean_cpi_yoy,-0.01403876047297617,False
System B,trimmed_mean_cpi_yoy,2025Q4,2020Q4,trimmed_mean_cpi_yoy,0.6651573248964241,False
System B,trimmed_mean_cpi_yoy,2025Q4,2021Q1,trimmed_mean_cpi_yoy,-2.5057419612819176,True
System B,trimmed_mean_cpi_yoy,2025Q4,2021Q2,trimmed_mean_cpi_yoy,1.1334933182971345,False
System B,trimmed_mean_cpi_yoy,2025Q4,2021Q3,trimmed_mean_cpi_yoy,-0.5151664612559069,False
System B,trimmed_mean_cpi_yoy,2025Q4,2021Q4,trimmed_mean_cpi_yoy,0.3485172193051698,False
System B,trimmed_mean_cpi_yoy,2025Q4,2022Q1,trimmed_mean_cpi_yoy,1.7421649656494471,False
System B,trimmed_mean_cpi_yoy,2025Q4,2022Q2,trimmed_mean_cpi_yoy,0.6659173859370754,False
System B,trimmed_mean_cpi_yoy,2025Q4,2022Q3,trimmed_mean_cpi_yoy,1.7206829279224372,False
System B,trimmed_mean_cpi_yoy,2025Q4,2022Q4,trimmed_mean_cpi_yoy,2.380175009014986,True
System B,trimmed_mean_cpi_yoy,2025Q4,2023Q1,trimmed_mean_cpi_yoy,-1.1659676458710166,False
System B,trimmed_mean_cpi_yoy,2025Q4,2023Q2,trimmed_mean_cpi_yoy,-0.6614495836354873,False
System B,trimmed_mean_cpi_yoy,2025Q4,2023Q3,trimmed_mean_cpi_yoy,-0.7716380693842936,False
System B,trimmed_mean_cpi_yoy,2025Q4,2023Q4,trimmed_mean_cpi_yoy,-2.061164120831591,True
System B,trimmed_mean_cpi_yoy,2025Q4,2024Q1,trimmed_mean_cpi_yoy,0.9811917795854537,False
System B,trimmed_mean_cpi_yoy,2025Q4,2024Q2,trimmed_mean_cpi_yoy,0.9446893735878933,False
System B,trimmed_mean_cpi_yoy,2025Q4,2024Q3,trimmed_mean_cpi_yoy,-1.8422168381228652,False
System B,trimmed_mean_cpi_yoy,2025Q4,2024Q4,trimmed_mean_cpi_yoy,-1.5637593412819604,False
System B,trimmed_mean_cpi_yoy,2025Q4,2025Q1,trimmed_mean_cpi_yoy,-0.7222152825107657,False
System B,trimmed_mean_cpi_yoy,2025Q4,2025Q2,trimmed_mean_cpi_yoy,-0.5545145825473702,False
System B,trimmed_mean_cpi_yoy,2025Q4,2025Q3,trimmed_mean_cpi_yoy,0.4795912141099396,False
System B,trimmed_mean_cpi_yoy,2025Q4,2025Q4,trimmed_mean_cpi_yoy,0.164950734875392,False
