model,target_quarter,actual_action,predicted_action,p_cut,p_hold,p_hike,confidence,majority_vote_tie_break,headline_forecast,trimmed_mean_forecast,unemployment_rate_change_lag1,taylor_implied_change,fit_warnings,estimated_taylor_intercept,estimated_taylor_coef_inflation_gap,estimated_taylor_coef_unemployment_change,estimated_taylor_predicted_change,estimated_taylor_unstable_coefficients,threshold_forecast_origin,threshold_simulated_median,threshold_simulated_action,ordered_beta_headline_forecast,ordered_beta_trimmed_mean_forecast,ordered_beta_unemployment_rate_change_lag1,ordered_alpha_cut_hold,ordered_alpha_hold_hike,ordered_unstable_coefficients,ordered_train_rows
threshold,2014Q1,hold,hold,0.027,0.6319999999999999,0.341,0.6319999999999999,False,2.80887,2.811008,0.11146503333333424,-0.04119884182389866,,,,,,,2013Q4,2.8088699038551272,hold,,,,,,,
taylor_rule,2014Q1,hold,cut,,,,,False,2.80887,2.811008,0.11146503333333424,-0.04119884182389866,,,,,,,,,,,,,,,,
taylor_rule_estimated,2014Q1,hold,cut,0.6880463610015153,0.3079412533984578,0.004012385600026924,0.6880463610015153,False,2.80887,2.811008,0.11146503333333424,-0.04119884182389866,,-0.18339413265779958,0.18694235439448587,-0.5031017628611674,-0.18173150242335392,,,,,,,,,,,
ordered_logit,2014Q1,hold,cut,1.0,0.0,0.0,1.0,False,2.80887,2.811008,0.11146503333333424,-0.04119884182389866,,,,,,,,,,380.9104119011389,-382.59234710849387,-60.56272840043876,130.48895037800372,557.2294997285137,"alpha_cut_hold, alpha_hold_hike, headline_forecast, trimmed_mean_forecast, unemployment_rate_change_lag1",12.0
ordered_probit,2014Q1,hold,cut,1.0,0.0,0.0,1.0,False,2.80887,2.811008,0.11146503333333424,-0.04119884182389866,,,,,,,,,,134.96195295159504,-130.4763791174791,-15.809369795506635,50.74020707511487,186.12006432397595,"alpha_cut_hold, alpha_hold_hike, headline_forecast, trimmed_mean_forecast, unemployment_rate_change_lag1",12.0
frank_hall_xgboost,2014Q1,hold,cut,,,,,False,2.80887,2.811008,0.11146503333333424,-0.04119884182389866,,,,,,,,,,,,,,,,
majority_vote_ensemble,2014Q1,hold,cut,,,,,False,2.80887,2.811008,0.11146503333333424,-0.04119884182389866,,,,,,,,,,,,,,,,
threshold,2014Q2,hold,hike,0.005,0.46799999999999997,0.527,0.527,False,3.04062,2.710494,0.05948926666666665,0.2804382748427674,,,,,,,2014Q1,3.0406034710701157,hike,,,,,,,
taylor_rule,2014Q2,hold,hike,,,,,False,3.04062,2.710494,0.05948926666666665,0.2804382748427674,,,,,,,,,,,,,,,,
taylor_rule_estimated,2014Q2,hold,hold,0.4047777675210044,0.559313924472445,0.03590830800655054,0.559313924472445,False,3.04062,2.710494,0.05948926666666665,0.2804382748427674,,-0.17477911356342934,0.19341037541340378,-0.4247262228459505,-0.0954842479386438,,,,,,,,,,,
ordered_logit,2014Q2,hold,cut,0.5857336923817924,0.3648501426577845,0.049416164960423115,0.5857336923817924,False,3.04062,2.710494,0.05948926666666665,0.2804382748427674,,,,,,,,,,1.0857987651521919,0.003401277960773469,-1.0310266198801479,1.1031135464895319,3.7135560946493062,,13.0
ordered_probit,2014Q2,hold,cut,0.6083026967794142,0.34562600290006384,0.04607130032052198,0.6083026967794142,False,3.04062,2.710494,0.05948926666666665,0.2804382748427674,,,,,,,,,,0.6936323106026369,-0.10032235073602278,-0.6174336112067116,0.6320992068735317,2.041403397943052,,13.0
frank_hall_xgboost,2014Q2,hold,cut,,,,,False,3.04062,2.710494,0.05948926666666665,0.2804382748427674,,,,,,,,,,,,,,,,
majority_vote_ensemble,2014Q2,hold,cut,,,,,False,3.04062,2.710494,0.05948926666666665,0.2804382748427674,,,,,,,,,,,,,,,,
threshold,2014Q3,hold,hold,0.02,0.619,0.361,0.619,False,2.85331,2.776443,0.028108633333332023,-0.016217041823900047,,,,,,,2014Q2,2.853300892290058,hold,,,,,,,
taylor_rule,2014Q3,hold,cut,,,,,False,2.85331,2.776443,0.028108633333332023,-0.016217041823900047,,,,,,,,,,,,,,,,
taylor_rule_estimated,2014Q3,hold,hold,0.4501826009044817,0.5248085674485422,0.025008831646976093,0.5248085674485422,False,2.85331,2.776443,0.028108633333332023,-0.016217041823900047,,-0.16968451579746713,0.2028467757980803,-0.42589686478669864,-0.10998810025035237,,,,,,,,,,,
ordered_logit,2014Q3,hold,hold,0.4430627828575068,0.5054901155157414,0.05144710162675181,0.5054901155157414,False,2.85331,2.776443,0.028108633333332023,-0.016217041823900047,,,,,,,,,,1.109860248203737,0.24881185152313537,-1.1253206553179305,0.8173900932260737,3.960514560158051,,14.0
ordered_probit,2014Q3,hold,cut,0.5288449668053158,0.42918429045497863,0.04197074273970558,0.5288449668053158,False,2.85331,2.776443,0.028108633333332023,-0.016217041823900047,,,,,,,,,,0.7207254943836077,-0.025324067006262257,-0.6522085792355382,0.4561863505143523,2.11208038340822,,14.0
frank_hall_xgboost,2014Q3,hold,cut,,,,,False,2.85331,2.776443,0.028108633333332023,-0.016217041823900047,,,,,,,,,,,,,,,,
majority_vote_ensemble,2014Q3,hold,hold,,,,,False,2.85331,2.776443,0.028108633333332023,-0.016217041823900047,,,,,,,,,,,,,,,,
threshold,2014Q4,hold,hold,0.127,0.732,0.141,0.732,False,2.483061,2.32294,0.2418598000000003,-0.4647149584905659,,,,,,,2014Q3,2.4830276119315533,hold,,,,,,,
taylor_rule,2014Q4,hold,cut,,,,,False,2.483061,2.32294,0.2418598000000003,-0.4647149584905659,,,,,,,,,,,,,,,,
taylor_rule_estimated,2014Q4,hold,cut,0.8958407829923178,0.1037738028960703,0.00038541411161185923,0.8958407829923178,False,2.483061,2.32294,0.2418598000000003,-0.4647149584905659,,-0.16207291993058315,0.20789465758397016,-0.45003653265916593,-0.27444019331703745,,,,,,,,,,,
ordered_logit,2014Q4,hold,cut,0.9844615979012713,0.015093742236496843,0.0004446598622318554,0.9844615979012713,False,2.483061,2.32294,0.2418598000000003,-0.4647149584905659,,,,,,,,,,1.0284895091477324,0.537728116521085,-1.2856588575230457,0.6288848378997869,4.1978606257352755,,15.0
ordered_probit,2014Q4,hold,cut,0.9865850182988128,0.0133901268274218,2.4854873765356444e-05,0.9865850182988128,False,2.483061,2.32294,0.2418598000000003,-0.4647149584905659,,,,,,,,,,0.6584160300473598,0.10876739477070779,-0.7378173791415102,0.32345904946401044,2.166463738681889,,15.0
frank_hall_xgboost,2014Q4,hold,cut,,,,,False,2.483061,2.32294,0.2418598000000003,-0.4647149584905659,,,,,,,,,,,,,,,,
majority_vote_ensemble,2014Q4,hold,cut,,,,,False,2.483061,2.32294,0.2418598000000003,-0.4647149584905659,,,,,,,,,,,,,,,,
threshold,2015Q1,cut,cut,0.623,0.367,0.01,0.623,False,1.86321,2.278688,0.08385283333333327,-1.4734949418238996,,,,,,,2014Q4,1.8632194397950954,cut,,,,,,,
taylor_rule,2015Q1,cut,cut,,,,,False,1.86321,2.278688,0.08385283333333327,-1.4734949418238996,,,,,,,,,,,,,,,,
taylor_rule_estimated,2015Q1,cut,cut,0.9030747619480439,0.09624483705629372,0.0006804009956623558,0.9030747619480439,False,1.86321,2.278688,0.08385283333333327,-1.4734949418238996,,-0.16164423650332674,0.191189580214536,-0.14602674413472774,-0.29563660552627974,,,,,,,,,,,
ordered_logit,2015Q1,cut,cut,0.8976538280693612,0.09775170359592844,0.004594468334710333,0.8976538280693612,False,1.86321,2.278688,0.08385283333333327,-1.4734949418238996,,,,,,,,,,1.1256438083262954,-0.15594222920988046,-0.5143488177927394,0.27937343950453425,3.4862470270081456,,16.0
ordered_probit,2015Q1,cut,cut,0.896395259467254,0.10244410679991711,0.0011606337328289307,0.896395259467254,False,1.86321,2.278688,0.08385283333333327,-1.4734949418238996,,,,,,,,,,0.7333169113250716,-0.2166292965928604,-0.2945074224924925,0.14767049284628322,1.932110949427056,,16.0
frank_hall_xgboost,2015Q1,cut,cut,,,,,False,1.86321,2.278688,0.08385283333333327,-1.4734949418238996,,,,,,,,,,,,,,,,
majority_vote_ensemble,2015Q1,cut,cut,,,,,False,1.86321,2.278688,0.08385283333333327,-1.4734949418238996,,,,,,,,,,,,,,,,
threshold,2015Q2,cut,cut,0.701,0.29800000000000004,0.001,0.701,False,1.755806,2.221922,-0.05057910000000021,-1.5351502418238998,,,,,,,2015Q1,1.7558184365879517,cut,,,,,,,
taylor_rule,2015Q2,cut,cut,,,,,False,1.755806,2.221922,-0.05057910000000021,-1.5351502418238998,,,,,,,,,,,,,,,,
taylor_rule_estimated,2015Q2,cut,cut,0.8670551509777416,0.1317301007490126,0.001214748273245858,0.8670551509777416,False,1.755806,2.221922,-0.05057910000000021,-1.5351502418238998,,-0.15174758948196476,0.1677444012317793,-0.1318811039041951,-0.2699115388697668,,,,,,,,,,,
ordered_logit,2015Q2,cut,cut,0.8625098160790875,0.13127728074961964,0.006212903171292861,0.8625098160790875,False,1.755806,2.221922,-0.05057910000000021,-1.5351502418238998,,,,,,,,,,1.2459596282769088,-0.1552046045922188,-0.5039045959334868,0.43088747651593173,3.6694881809153435,,17.0
ordered_probit,2015Q2,cut,cut,0.8577795456141222,0.14011160653668597,0.0021088478491918528,0.8577795456141222,False,1.755806,2.221922,-0.05057910000000021,-1.5351502418238998,,,,,,,,,,0.8152235268868182,-0.22176222962523348,-0.28487005325306886,0.23932492308265393,2.0303322336863965,,17.0
frank_hall_xgboost,2015Q2,cut,cut,,,,,False,1.755806,2.221922,-0.05057910000000021,-1.5351502418238998,,,,,,,,,,,,,,,,
majority_vote_ensemble,2015Q2,cut,cut,,,,,False,1.755806,2.221922,-0.05057910000000021,-1.5351502418238998,,,,,,,,,,,,,,,,
threshold,2015Q3,cut,hold,0.314,0.6319999999999999,0.054,0.6319999999999999,False,2.248175,2.435069,-0.185684133333333,-0.6141492584905666,,,,,,,2015Q2,2.248176260199732,hold,,,,,,,
taylor_rule,2015Q3,cut,cut,,,,,False,2.248175,2.435069,-0.185684133333333,-0.6141492584905666,,,,,,,,,,,,,,,,
taylor_rule_estimated,2015Q3,cut,cut,0.6235949195462953,0.36569411326203705,0.010710967191667642,0.6235949195462953,False,2.248175,2.435069,-0.185684133333333,-0.6141492584905666,,-0.14970946394415907,0.16463991998035435,-0.14280145068214525,-0.16465394818455498,,,,,,,,,,,
ordered_logit,2015Q3,cut,cut,0.5778548156369702,0.3942531137739207,0.02789207058910914,0.5778548156369702,False,2.248175,2.435069,-0.185684133333333,-0.6141492584905666,,,,,,,,,,1.3936819414336494,-0.1558742564547535,-0.4588091427864041,0.5755493631700519,3.8127004003397946,,18.0
ordered_probit,2015Q3,cut,cut,0.6025125148209703,0.37668496329652834,0.020802521882501313,0.6025125148209703,False,2.248175,2.435069,-0.185684133333333,-0.6141492584905666,,,,,,,,,,0.9162724824611418,-0.23191392433286193,-0.25469723966191854,0.32803330879509024,2.1056267013904533,,18.0
frank_hall_xgboost,2015Q3,cut,cut,,,,,False,2.248175,2.435069,-0.185684133333333,-0.6141492584905666,,,,,,,,,,,,,,,,
majority_vote_ensemble,2015Q3,cut,cut,,,,,False,2.248175,2.435069,-0.185684133333333,-0.6141492584905666,,,,,,,,,,,,,,,,
threshold,2015Q4,hold,hold,0.458,0.529,0.013,0.529,False,2.059234,2.123442,0.16134603333333342,-0.6407123418238996,,,,,,,2015Q3,2.0592238576739197,hold,,,,,,,
taylor_rule,2015Q4,hold,cut,,,,,False,2.059234,2.123442,0.16134603333333342,-0.6407123418238996,,,,,,,,,,,,,,,,
taylor_rule_estimated,2015Q4,hold,cut,0.8431056198526722,0.1557037722941924,0.0011906078531354058,0.8431056198526722,False,2.059234,2.123442,0.16134603333333342,-0.6407123418238996,,-0.1414935688175697,0.1622839303508587,-0.22302605327032474,-0.2490071766877519,,,,,,,,,,,
ordered_logit,2015Q4,hold,cut,0.8942361326623186,0.10042333770084588,0.0053405296368355115,0.8942361326623186,False,2.059234,2.123442,0.16134603333333342,-0.6407123418238996,,,,,,,,,,1.5005163097516672,-0.21442740850467076,-0.25374416737720534,0.7343601014841715,3.8266747799962215,,19.0
ordered_probit,2015Q4,hold,cut,0.8671621412354473,0.13037888800551067,0.0024589707590420007,0.8671621412354473,False,2.059234,2.123442,0.16134603333333342,-0.6407123418238996,,,,,,,,,,0.9793168556725501,-0.26954019449676736,-0.15054066605866867,0.42334609110460447,2.122629999149516,,19.0
frank_hall_xgboost,2015Q4,hold,cut,,,,,False,2.059234,2.123442,0.16134603333333342,-0.6407123418238996,,,,,,,,,,,,,,,,
majority_vote_ensemble,2015Q4,hold,cut,,,,,False,2.059234,2.123442,0.16134603333333342,-0.6407123418238996,,,,,,,,,,,,,,,,
threshold,2016Q1,hold,cut,0.549,0.43999999999999995,0.011,0.549,False,1.941838,2.048965,-0.3439421333333339,-1.0694504251572332,,,,,,,2015Q4,1.9418439434620138,cut,,,,,,,
taylor_rule,2016Q1,hold,cut,,,,,False,1.941838,2.048965,-0.3439421333333339,-1.0694504251572332,,,,,,,,,,,,,,,,
taylor_rule_estimated,2016Q1,hold,cut,0.6528692290739899,0.33615026190197284,0.010980509024037244,0.6528692290739899,False,1.941838,2.048965,-0.3439421333333339,-1.0694504251572332,,-0.13441214579075872,0.136854404840194,-0.09891988226562441,-0.17677635876965,,,,,,,,,,,
ordered_logit,2016Q1,hold,cut,0.6958339492553324,0.2852634786149594,0.01890257212970825,0.6958339492553324,False,1.941838,2.048965,-0.3439421333333339,-1.0694504251572332,,,,,,,,,,1.4913386004926772,-0.63804961740097,-0.061063969200711,0.4709063087167587,3.5927427925018476,,20.0
ordered_probit,2016Q1,hold,cut,0.6603923064636078,0.3253477805020639,0.014259913034328275,0.6603923064636078,False,1.941838,2.048965,-0.3439421333333339,-1.0694504251572332,,,,,,,,,,0.9607398826955328,-0.4629852113692496,-0.042535811093041574,0.2900366827309894,2.0665634634841767,,20.0
frank_hall_xgboost,2016Q1,hold,cut,,,,,False,1.941838,2.048965,-0.3439421333333339,-1.0694504251572332,,,,,,,,,,,,,,,,
majority_vote_ensemble,2016Q1,hold,cut,,,,,False,1.941838,2.048965,-0.3439421333333339,-1.0694504251572332,,,,,,,,,,,,,,,,
threshold,2016Q2,cut,cut,0.876,0.124,0.0,0.876,False,1.458914,1.657881,-0.03813759999999977,-1.6409341584905661,,,,,,,2016Q1,1.4588432261233641,cut,,,,,,,
taylor_rule,2016Q2,cut,cut,,,,,False,1.458914,1.657881,-0.03813759999999977,-1.6409341584905661,,,,,,,,,,,,,,,,
taylor_rule_estimated,2016Q2,cut,cut,0.8179817575632375,0.1794902351907518,0.002528007246010655,0.8179817575632375,False,1.458914,1.657881,-0.03813759999999977,-1.6409341584905661,,-0.12035165967214823,0.12903840926910604,-0.2619264980964855,-0.2447024930106803,,,,,,,,,,,
ordered_logit,2016Q2,cut,cut,0.571149752548061,0.407083875598495,0.02176637185344399,0.571149752548061,False,1.458914,1.657881,-0.03813759999999977,-1.6409341584905661,,,,,,,,,,1.6136611328362684,-0.8925745027294478,-0.43702262651134616,0.2689189603615012,3.7877576277045604,,21.0
ordered_probit,2016Q2,cut,cut,0.5467206783520229,0.43611233595508403,0.0171669856928931,0.5467206783520229,False,1.458914,1.657881,-0.03813759999999977,-1.6409341584905661,,,,,,,,,,1.0056963140864217,-0.5783541665566296,-0.24914039804636234,0.16903468613963643,2.167781748763219,,21.0
frank_hall_xgboost,2016Q2,cut,cut,,,,,False,1.458914,1.657881,-0.03813759999999977,-1.6409341584905661,,,,,,,,,,,,,,,,
majority_vote_ensemble,2016Q2,cut,cut,,,,,False,1.458914,1.657881,-0.03813759999999977,-1.6409341584905661,,,,,,,,,,,,,,,,
threshold,2016Q3,cut,cut,0.776,0.22299999999999998,0.001,0.776,False,1.637069,1.742044,-0.10890133333333285,-1.2424168584905657,,,,,,,2016Q2,1.6370663309337365,cut,,,,,,,
taylor_rule,2016Q3,cut,cut,,,,,False,1.637069,1.742044,-0.10890133333333285,-1.2424168584905657,,,,,,,,,,,,,,,,
taylor_rule_estimated,2016Q3,cut,cut,0.6919336286708213,0.3005993747447262,0.00746699658445249,0.6919336286708213,False,1.637069,1.742044,-0.10890133333333285,-1.2424168584905657,,-0.1171256497289931,0.11748230243933981,-0.263110910929795,-0.18985164144047256,,,,,,,,,,,
ordered_logit,2016Q3,cut,cut,0.6330996901214181,0.34922644423760774,0.017673865640974173,0.6330996901214181,False,1.637069,1.742044,-0.10890133333333285,-1.2424168584905657,,,,,,,,,,1.6453047419794928,-0.7688122776411755,-0.4611712638285085,0.38354342179832457,3.8558420342621207,,22.0
ordered_probit,2016Q3,cut,cut,0.6052047323006222,0.3810144900861956,0.013780777613182194,0.6052047323006222,False,1.637069,1.742044,-0.10890133333333285,-1.2424168584905657,,,,,,,,,,1.0388060915708819,-0.5319388672595243,-0.2546981922984575,0.23726002502963353,2.173888854237439,,22.0
frank_hall_xgboost,2016Q3,cut,cut,,,,,False,1.637069,1.742044,-0.10890133333333285,-1.2424168584905657,,,,,,,,,,,,,,,,
majority_vote_ensemble,2016Q3,cut,cut,,,,,False,1.637069,1.742044,-0.10890133333333285,-1.2424168584905657,,,,,,,,,,,,,,,,
threshold,2016Q4,cut,cut,0.53,0.46299999999999997,0.007,0.53,False,1.965473,1.659131,-0.02988723333333354,-0.46030380849056596,,,,,,,2016Q3,1.9655634644579765,cut,,,,,,,
taylor_rule,2016Q4,cut,cut,,,,,False,1.965473,1.659131,-0.02988723333333354,-0.46030380849056596,,,,,,,,,,,,,,,,
taylor_rule_estimated,2016Q4,cut,cut,0.661958033046477,0.32964227856713835,0.008399688386384607,0.661958033046477,False,1.965473,1.659131,-0.02988723333333354,-0.46030380849056596,,-0.11966432769027542,0.12304554601175552,-0.2509787038355889,-0.17793443518006918,,,,,,,,,,,
ordered_logit,2016Q4,cut,cut,0.5402018652126002,0.43256324298126103,0.027234891806138806,0.5402018652126002,False,1.965473,1.659131,-0.02988723333333354,-0.46030380849056596,,,,,,,,,,1.6184509354772056,-0.6260699083445446,-0.4484037673161698,0.4907550078344204,3.905243374355589,,23.0
ordered_probit,2016Q4,cut,hold,0.48256831211479134,0.48430159266811246,0.0331300952170962,0.48430159266811246,False,1.965473,1.659131,-0.02988723333333354,-0.46030380849056596,,,,,,,,,,1.0305330045443113,-0.4631749164158316,-0.23919163312591463,0.2998541614052529,2.1802222496685952,,23.0
frank_hall_xgboost,2016Q4,cut,cut,,,,,False,1.965473,1.659131,-0.02988723333333354,-0.46030380849056596,,,,,,,,,,,,,,,,
majority_vote_ensemble,2016Q4,cut,cut,,,,,False,1.965473,1.659131,-0.02988723333333354,-0.46030380849056596,,,,,,,,,,,,,,,,
threshold,2017Q1,hold,cut,0.533,0.46299999999999997,0.004,0.533,False,1.964203,1.64284,0.07579916666666708,-0.3260322751572329,,,,,,,2016Q4,1.9642068244899036,cut,,,,,,,
taylor_rule,2017Q1,hold,cut,,,,,False,1.964203,1.64284,0.07579916666666708,-0.3260322751572329,,,,,,,,,,,,,,,,
taylor_rule_estimated,2017Q1,hold,cut,0.7216423594045535,0.27347415013104237,0.004883490464404172,0.7216423594045535,False,1.964203,1.64284,0.07579916666666708,-0.3260322751572329,,-0.11606393578328171,0.11785948068094661,-0.25582670067171737,-0.19860414267568993,,,,,,,,,,,
ordered_logit,2017Q1,hold,cut,0.7798305722087483,0.2099554194701322,0.010214008321119517,0.7798305722087483,False,1.964203,1.64284,0.07579916666666708,-0.3260322751572329,,,,,,,,,,1.3967841320693002,-0.30091900181486203,-0.4724018171203696,0.6035820265817807,3.912631328727111,,24.0
ordered_probit,2017Q1,hold,cut,0.7206357518394388,0.2706809119310366,0.008683336229524552,0.7206357518394388,False,1.964203,1.64284,0.07579916666666708,-0.3260322751572329,,,,,,,,,,0.8910887474836798,-0.27318774839033155,-0.2480585237336272,0.3578541717737797,2.151974469847169,,24.0
frank_hall_xgboost,2017Q1,hold,cut,,,,,False,1.964203,1.64284,0.07579916666666708,-0.3260322751572329,,,,,,,,,,,,,,,,
majority_vote_ensemble,2017Q1,hold,cut,,,,,False,1.964203,1.64284,0.07579916666666708,-0.3260322751572329,,,,,,,,,,,,,,,,
threshold,2017Q2,hold,hold,0.329,0.619,0.052,0.619,False,2.230387,1.520027,0.07426743333333263,0.07247785817609986,,,,,,,2017Q1,2.2304359697375777,hold,,,,,,,
taylor_rule,2017Q2,hold,hike,,,,,False,2.230387,1.520027,0.07426743333333263,0.07247785817609986,,,,,,,,,,,,,,,,
taylor_rule_estimated,2017Q2,hold,cut,0.5906308827559389,0.39430590887637906,0.015063208367682046,0.5906308827559389,False,2.230387,1.520027,0.07426743333333263,0.07247785817609986,,-0.11057268641300098,0.10409671613049598,-0.21415563901929718,-0.15454330398291533,,,,,,,,,,,
ordered_logit,2017Q2,hold,hold,0.2994887533963388,0.6325397592708069,0.06797148733285441,0.6325397592708069,False,2.230387,1.520027,0.07426743333333263,0.07247785817609986,,,,,,,,,,1.6417236733698761,-0.8368448637029049,-0.34403794954342615,0.44290746854688,3.910916117610772,,25.0
ordered_probit,2017Q2,hold,hold,0.27391933564340704,0.6298575967242555,0.09622306763233746,0.6298575967242555,False,2.230387,1.520027,0.07426743333333263,0.07247785817609986,,,,,,,,,,1.0201047914866546,-0.5495127562296038,-0.1913664382194051,0.2781577292142773,2.1825365556223018,,25.0
frank_hall_xgboost,2017Q2,hold,cut,,,,,False,2.230387,1.520027,0.07426743333333263,0.07247785817609986,,,,,,,,,,,,,,,,
majority_vote_ensemble,2017Q2,hold,hold,,,,,False,2.230387,1.520027,0.07426743333333263,0.07247785817609986,,,,,,,,,,,,,,,,
threshold,2017Q3,hold,hold,0.346,0.619,0.035,0.619,False,2.174939,1.837379,-0.21447279999999935,-0.1550642584905657,,,,,,,2017Q2,2.174942183748975,hold,,,,,,,
taylor_rule,2017Q3,hold,cut,,,,,False,2.174939,1.837379,-0.21447279999999935,-0.1550642584905657,,,,,,,,,,,,,,,,
taylor_rule_estimated,2017Q3,hold,hold,0.41511515200970894,0.5412206754258267,0.04366417256446431,0.5412206754258267,False,2.174939,1.837379,-0.21447279999999935,-0.1550642584905657,,-0.10575902731703007,0.09941932092669079,-0.19086249564132088,-0.09714155734159934,,,,,,,,,,,
ordered_logit,2017Q3,hold,hold,0.29148715642225925,0.652535521146772,0.05597732243096876,0.652535521146772,False,2.174939,1.837379,-0.21447279999999935,-0.1550642584905657,,,,,,,,,,1.77422408380903,-1.085386364984487,-0.33762310315395877,0.33764079509504596,4.051016573964247,,26.0
ordered_probit,2017Q3,hold,hold,0.2996676529882242,0.6359224921253448,0.06440985488643103,0.6359224921253448,False,2.174939,1.837379,-0.21447279999999935,-0.1550642584905657,,,,,,,,,,1.0799521280863966,-0.675121584392256,-0.19163762571131757,0.21170261643244195,2.255831973484953,,26.0
frank_hall_xgboost,2017Q3,hold,cut,,,,,False,2.174939,1.837379,-0.21447279999999935,-0.1550642584905657,,,,,,,,,,,,,,,,
majority_vote_ensemble,2017Q3,hold,hold,,,,,False,2.174939,1.837379,-0.21447279999999935,-0.1550642584905657,,,,,,,,,,,,,,,,
threshold,2017Q4,hold,cut,0.514,0.478,0.008,0.514,False,1.989972,1.711214,-0.06057703333333375,-0.35556687515723295,,,,,,,2017Q3,1.9900037172063483,cut,,,,,,,
taylor_rule,2017Q4,hold,cut,,,,,False,1.989972,1.711214,-0.06057703333333375,-0.35556687515723295,,,,,,,,,,,,,,,,
taylor_rule_estimated,2017Q4,hold,cut,0.5401066763966158,0.43952277252929817,0.02037055107408603,0.5401066763966158,False,1.989972,1.711214,-0.06057703333333375,-0.35556687515723295,,-0.10121214670088902,0.10039075673580938,-0.23892706947462372,-0.13794075052554036,,,,,,,,,,,
ordered_logit,2017Q4,hold,hold,0.39587432759813296,0.5757651572800686,0.02836051512179849,0.5757651572800686,False,1.989972,1.711214,-0.06057703333333375,-0.35556687515723295,,,,,,,,,,1.8573985854237456,-1.1864600830684393,-0.4349079561011486,0.23263540442334807,4.189307811424779,,27.0
ordered_probit,2017Q4,hold,hold,0.3962446552102089,0.5760293849715572,0.027725959818233892,0.5760293849715572,False,1.989972,1.711214,-0.06057703333333375,-0.35556687515723295,,,,,,,,,,1.1223694624758116,-0.7321244688892642,-0.24416367400622815,0.1443301584162084,2.3227279782103865,,27.0
frank_hall_xgboost,2017Q4,hold,cut,,,,,False,1.989972,1.711214,-0.06057703333333375,-0.35556687515723295,,,,,,,,,,,,,,,,
majority_vote_ensemble,2017Q4,hold,cut,,,,,True,1.989972,1.711214,-0.06057703333333375,-0.35556687515723295,,,,,,,,,,,,,,,,
threshold,2018Q1,hold,hold,0.418,0.562,0.02,0.562,False,2.082806,1.681939,-0.04120139999999939,-0.20662805849056576,,,,,,,2017Q4,2.0828082119774547,hold,,,,,,,
taylor_rule,2018Q1,hold,cut,,,,,False,2.082806,1.681939,-0.04120139999999939,-0.20662805849056576,,,,,,,,,,,,,,,,
taylor_rule_estimated,2018Q1,hold,cut,0.5030513613611597,0.4713487339430992,0.025599904695741138,0.5030513613611597,False,2.082806,1.681939,-0.04120139999999939,-0.20662805849056576,,-0.09678329230424494,0.09503712942726389,-0.2535750555074631,-0.12598456518653783,,,,,,,,,,,
ordered_logit,2018Q1,hold,hold,0.26704369056222915,0.691048429091391,0.04190788034637993,0.691048429091391,False,2.082806,1.681939,-0.04120139999999939,-0.20662805849056576,,,,,,,,,,1.9292767856945297,-1.3423943659025577,-0.4572998220588503,0.13168927090910648,4.270833133122112,,28.0
ordered_probit,2018Q1,hold,hold,0.2691389935718659,0.6833651479415565,0.04749585848657767,0.6833651479415565,False,2.082806,1.681939,-0.04120139999999939,-0.20662805849056576,,,,,,,,,,1.1612860257774607,-0.8201446079862671,-0.25821065782838326,0.08217250740429041,2.3672260131778096,,28.0
frank_hall_xgboost,2018Q1,hold,cut,,,,,False,2.082806,1.681939,-0.04120139999999939,-0.20662805849056576,,,,,,,,,,,,,,,,
majority_vote_ensemble,2018Q1,hold,hold,,,,,False,2.082806,1.681939,-0.04120139999999939,-0.20662805849056576,,,,,,,,,,,,,,,,
threshold,2018Q2,hold,hold,0.196,0.7150000000000001,0.089,0.7150000000000001,False,2.363219,1.798109,0.053965800000000286,0.2615750415094338,,,,,,,2018Q1,2.3632509380961157,hold,,,,,,,
taylor_rule,2018Q2,hold,hike,,,,,False,2.363219,1.798109,0.053965800000000286,0.2615750415094338,,,,,,,,,,,,,,,,
taylor_rule_estimated,2018Q2,hold,hold,0.4830265976048491,0.48844182442896167,0.028531577966189214,0.48844182442896167,False,2.363219,1.798109,0.053965800000000286,0.2615750415094338,,-0.0928244232720505,0.09150292391095616,-0.2629537561145976,-0.11953079451924423,,,,,,,,,,,
ordered_logit,2018Q2,hold,hold,0.19125958871990714,0.7556151276414588,0.05312528363863411,0.7556151276414588,False,2.363219,1.798109,0.053965800000000286,0.2615750415094338,,,,,,,,,,1.9976129302034777,-1.4768374515740719,-0.46925754685591375,0.03965097112217378,4.3620111749320065,,29.0
ordered_probit,2018Q2,hold,hold,0.1891406555247635,0.7453699872541175,0.06548935722111904,0.7453699872541175,False,2.363219,1.798109,0.053965800000000286,0.2615750415094338,,,,,,,,,,1.19867172986875,-0.8968040709440426,-0.2662419055979558,0.024364107078021217,2.415685209196627,,29.0
frank_hall_xgboost,2018Q2,hold,cut,,,,,False,2.363219,1.798109,0.053965800000000286,0.2615750415094338,,,,,,,,,,,,,,,,
majority_vote_ensemble,2018Q2,hold,hold,,,,,False,2.363219,1.798109,0.053965800000000286,0.2615750415094338,,,,,,,,,,,,,,,,
threshold,2018Q3,hold,hold,0.168,0.728,0.104,0.728,False,2.392261,1.787946,-0.10413410000000045,0.22608809150943343,,,,,,,2018Q2,2.392257214425374,hold,,,,,,,
taylor_rule,2018Q3,hold,hike,,,,,False,2.392261,1.787946,-0.10413410000000045,0.22608809150943343,,,,,,,,,,,,,,,,
taylor_rule_estimated,2018Q3,hold,hold,0.34126548620020564,0.5972473593265455,0.06148715447324893,0.5972473593265455,False,2.392261,1.787946,-0.10413410000000045,0.22608809150943343,,-0.0890936429704253,0.09077127426695973,-0.2522948079618409,-0.07260075652689403,,,,,,,,,,,
ordered_logit,2018Q3,hold,hold,0.09103106628813416,0.8089244902221747,0.1000444434896911,0.8089244902221747,False,2.392261,1.787946,-0.10413410000000045,0.22608809150943343,,,,,,,,,,2.0502977531162823,-1.5646881381972773,-0.4669633652890286,-0.04824964490407556,4.449591294612521,,30.0
ordered_probit,2018Q3,hold,hold,0.08420443681163581,0.7832758990920751,0.13251966409628912,0.7832758990920751,False,2.392261,1.787946,-0.10413410000000045,0.22608809150943343,,,,,,,,,,1.2267601633546021,-0.9457286417349464,-0.26698834966477303,-0.030583044701710214,2.4613106698276748,,30.0
frank_hall_xgboost,2018Q3,hold,hold,,,,,False,2.392261,1.787946,-0.10413410000000045,0.22608809150943343,,,,,,,,,,,,,,,,
majority_vote_ensemble,2018Q3,hold,hold,,,,,False,2.392261,1.787946,-0.10413410000000045,0.22608809150943343,,,,,,,,,,,,,,,,
threshold,2018Q4,hold,hold,0.335,0.631,0.034,0.631,False,2.186701,1.798813,-0.2559598333333337,-0.15816477515723348,,,,,,,2018Q3,2.1867073394199625,hold,,,,,,,
taylor_rule,2018Q4,hold,cut,,,,,False,2.186701,1.798813,-0.2559598333333337,-0.15816477515723348,,,,,,,,,,,,,,,,
taylor_rule_estimated,2018Q4,hold,hold,0.2660684719703012,0.6456625141456303,0.08826901388406849,0.6456625141456303,False,2.186701,1.798813,-0.2559598333333337,-0.15816477515723348,,-0.08632112350156737,0.0924785473504737,-0.2708507780656571,-0.0459676398960341,,,,,,,,,,,
ordered_logit,2018Q4,hold,hold,0.11214355694338911,0.8195701092910725,0.06828633376553839,0.8195701092910725,False,2.186701,1.798813,-0.2559598333333337,-0.15816477515723348,,,,,,,,,,2.0676272084517544,-1.5991568888636263,-0.48147056882504,-0.13990654067071023,4.542439604197589,,31.0
ordered_probit,2018Q4,hold,hold,0.1117324639180684,0.8033160877492413,0.0849514483326903,0.8033160877492413,False,2.186701,1.798813,-0.2559598333333337,-0.15816477515723348,,,,,,,,,,1.2313212729470355,-0.9618490455466677,-0.273451869082346,-0.08660627799359714,2.5032757806906623,,31.0
frank_hall_xgboost,2018Q4,hold,hold,,,,,False,2.186701,1.798813,-0.2559598333333337,-0.15816477515723348,,,,,,,,,,,,,,,,
majority_vote_ensemble,2018Q4,hold,hold,,,,,False,2.186701,1.798813,-0.2559598333333337,-0.15816477515723348,,,,,,,,,,,,,,,,
threshold,2019Q1,hold,cut,0.617,0.379,0.004,0.617,False,1.838335,1.81766,-0.14254183333333348,-0.6240047751572327,,,,,,,2018Q4,1.8383557551187177,cut,,,,,,,
taylor_rule,2019Q1,hold,cut,,,,,False,1.838335,1.81766,-0.14254183333333348,-0.6240047751572327,,,,,,,,,,,,,,,,
taylor_rule_estimated,2019Q1,hold,hold,0.43546243495160186,0.5319980598426732,0.032539505205724906,0.5319980598426732,False,1.838335,1.81766,-0.14254183333333348,-0.6240047751572327,,-0.08472417351703934,0.0932943354530419,-0.2924853917326503,-0.10476236602378614,,,,,,,,,,,
ordered_logit,2019Q1,hold,hold,0.4515287639279299,0.5390292242675851,0.009442011804485007,0.5390292242675851,False,1.838335,1.81766,-0.14254183333333348,-0.6240047751572327,,,,,,,,,,2.0934617637863404,-1.6374561199031579,-0.5338041343495702,-0.2265042531562205,4.621090842261129,,32.0
ordered_probit,2019Q1,hold,hold,0.455056969753106,0.5398197159139861,0.005123314332907913,0.5398197159139861,False,1.838335,1.81766,-0.14254183333333348,-0.6240047751572327,,,,,,,,,,1.2449132774661629,-0.9844450956612657,-0.30089379505352415,-0.13981404212738605,2.540474191600972,,32.0
frank_hall_xgboost,2019Q1,hold,hold,,,,,False,1.838335,1.81766,-0.14254183333333348,-0.6240047751572327,,,,,,,,,,,,,,,,
majority_vote_ensemble,2019Q1,hold,hold,,,,,False,1.838335,1.81766,-0.14254183333333348,-0.6240047751572327,,,,,,,,,,,,,,,,
threshold,2019Q2,cut,cut,0.839,0.16100000000000003,0.0,0.839,False,1.564683,1.704127,0.0009667666666670627,-0.9627284751572327,,,,,,,2019Q1,1.564687077818172,cut,,,,,,,
taylor_rule,2019Q2,cut,cut,,,,,False,1.564683,1.704127,0.0009667666666670627,-0.9627284751572327,,,,,,,,,,,,,,,,
taylor_rule_estimated,2019Q2,cut,cut,0.6286367483046025,0.3619048414728232,0.00945841022257432,0.6286367483046025,False,1.564683,1.704127,0.0009667666666670627,-0.9627284751572327,,-0.0823343392185272,0.0887511844507673,-0.3116008950453977,-0.16564607616409904,,,,,,,,,,,
ordered_logit,2019Q2,cut,cut,0.7079869804891593,0.28913341498527656,0.002879604525564128,0.7079869804891593,False,1.564683,1.704127,0.0009667666666670627,-0.9627284751572327,,,,,,,,,,2.079473893062965,-1.6632557771187615,-0.5951376533817532,-0.31451834205560536,4.6470728954119345,,33.0
ordered_probit,2019Q2,cut,cut,0.6949535830428913,0.30447901981673964,0.0005673971403690192,0.6949535830428913,False,1.564683,1.704127,0.0009667666666670627,-0.9627284751572327,,,,,,,,,,1.234282803915744,-0.995624885650906,-0.3368181227742609,-0.1919169693816683,2.552924103803958,,33.0
frank_hall_xgboost,2019Q2,cut,cut,,,,,False,1.564683,1.704127,0.0009667666666670627,-0.9627284751572327,,,,,,,,,,,,,,,,
majority_vote_ensemble,2019Q2,cut,cut,,,,,False,1.564683,1.704127,0.0009667666666670627,-0.9627284751572327,,,,,,,,,,,,,,,,
threshold,2019Q3,cut,cut,0.642,0.355,0.003,0.642,False,1.845173,1.476733,0.1817887666666671,-0.36824914182389956,,,,,,,2019Q2,1.8451690728600938,cut,,,,,,,
taylor_rule,2019Q3,cut,cut,,,,,False,1.845173,1.476733,0.1817887666666671,-0.36824914182389956,,,,,,,,,,,,,,,,
taylor_rule_estimated,2019Q3,cut,cut,0.6998479332862518,0.29496022707647984,0.005191839637268325,0.6998479332862518,False,1.845173,1.476733,0.1817887666666671,-0.36824914182389956,,-0.08130736137108256,0.0810881004375376,-0.30168142223783534,-0.18924833259115612,,,,,,,,,,,
ordered_logit,2019Q3,cut,hold,0.43024152383343534,0.5610308133297968,0.008727662836767958,0.5610308133297968,False,1.845173,1.476733,0.1817887666666671,-0.36824914182389956,,,,,,,,,,2.2054983870551883,-1.675969080393802,-0.6204331224187888,-0.23469430373279643,4.778663196255924,,34.0
ordered_probit,2019Q3,cut,hold,0.4152063862332508,0.5792922577756531,0.005501355991096135,0.5792922577756531,False,1.845173,1.476733,0.1817887666666671,-0.36824914182389956,,,,,,,,,,1.3050191242918423,-1.0014139397798287,-0.3480746545390362,-0.1433282676013862,2.6134566101194303,,34.0
frank_hall_xgboost,2019Q3,cut,hold,,,,,False,1.845173,1.476733,0.1817887666666671,-0.36824914182389956,,,,,,,,,,,,,,,,
majority_vote_ensemble,2019Q3,cut,cut,,,,,True,1.845173,1.476733,0.1817887666666671,-0.36824914182389956,,,,,,,,,,,,,,,,
threshold,2019Q4,cut,cut,0.54,0.44699999999999995,0.013,0.54,False,1.962653,1.603269,0.027248866666665705,0.14736757484276652,,,,,,,2019Q3,1.9626601059541424,cut,,,,,,,
taylor_rule,2019Q4,cut,hike,,,,,False,1.962653,1.603269,0.027248866666665705,0.14736757484276652,,,,,,,,,,,,,,,,
taylor_rule_estimated,2019Q4,cut,cut,0.5703168491322552,0.41410712923515536,0.01557602163258942,0.5703168491322552,False,1.962653,1.603269,0.027248866666665705,0.14736757484276652,,-0.08418230441212314,0.09814852526225133,-0.38432631707554155,-0.14739457658670024,,,,,,,,,,,
ordered_logit,2019Q4,cut,hold,0.3511399703282608,0.6368533355901365,0.01200669408160282,0.6368533355901365,False,1.962653,1.603269,0.027248866666665705,0.14736757484276652,,,,,,,,,,2.171945809597449,-1.5302020235501288,-0.7786858588412352,-0.15201667005510405,4.872227020733138,,35.0
ordered_probit,2019Q4,cut,hold,0.3481860169782999,0.6422699099500793,0.009544073071620862,0.6422699099500793,False,1.962653,1.603269,0.027248866666665705,0.14736757484276652,,,,,,,,,,1.2762470587452976,-0.911308069208176,-0.433948606536463,-0.09824956248597104,2.635777967121374,,35.0
frank_hall_xgboost,2019Q4,cut,hold,,,,,False,1.962653,1.603269,0.027248866666665705,0.14736757484276652,,,,,,,,,,,,,,,,
majority_vote_ensemble,2019Q4,cut,cut,,,,,True,1.962653,1.603269,0.027248866666665705,0.14736757484276652,,,,,,,,,,,,,,,,
threshold,2020Q1,cut,hold,0.389,0.585,0.026,0.585,False,2.123975,1.660966,-0.08141843333333298,0.5850169248427675,,,,,,,2019Q4,2.1239802446560105,hold,,,,,,,
taylor_rule,2020Q1,cut,hike,,,,,False,2.123975,1.660966,-0.08141843333333298,0.5850169248427675,,,,,,,,,,,,,,,,
taylor_rule_estimated,2020Q1,cut,hold,0.39846429796343397,0.5598797003195629,0.04165600171700312,0.5598797003195629,False,2.123975,1.660966,-0.08141843333333298,0.5850169248427675,,-0.08613453327596596,0.10232958945104809,-0.3924744824611753,-0.09265835966399673,,,,,,,,,,,
ordered_logit,2020Q1,cut,hold,0.18982063460186585,0.7797359891364697,0.03044337626166449,0.7797359891364697,False,2.123975,1.660966,-0.08141843333333298,0.5850169248427675,,,,,,,,,,2.0751668828519234,-1.3719161442960388,-0.7952643063232351,-0.062376115070200244,4.8497703849019365,,36.0
ordered_probit,2020Q1,cut,hold,0.19511704520098677,0.7688307635817899,0.03605219121722336,0.7688307635817899,False,2.123975,1.660966,-0.08141843333333298,0.5850169248427675,,,,,,,,,,1.2178878308363426,-0.8175346341459774,-0.442367161285083,-0.045725070975245696,2.611926327438857,,36.0
frank_hall_xgboost,2020Q1,cut,hold,,,,,False,2.123975,1.660966,-0.08141843333333298,0.5850169248427675,,,,,,,,,,,,,,,,
majority_vote_ensemble,2020Q1,cut,hold,,,,,False,2.123975,1.660966,-0.08141843333333298,0.5850169248427675,,,,,,,,,,,,,,,,
threshold,2020Q2,cut,hold,0.351,0.635,0.014,0.635,False,2.147317,1.755304,0.015571500000000071,0.8351915581761006,,,,,,,2020Q1,2.1472805866310747,hold,,,,,,,
taylor_rule,2020Q2,cut,hike,,,,,False,2.147317,1.755304,0.015571500000000071,0.8351915581761006,,,,,,,,,,,,,,,,
taylor_rule_estimated,2020Q2,cut,cut,0.5169897066263429,0.4629011166761321,0.02010917669752499,0.5169897066263429,False,2.147317,1.755304,0.015571500000000071,0.8351915581761006,,-0.08800418082448153,0.10299738017309107,-0.38350668757378964,-0.13030138024162308,,,,,,,,,,,
ordered_logit,2020Q2,cut,hold,0.40692137006835377,0.5788498918853242,0.014228738046322076,0.5788498918853242,False,2.147317,1.755304,0.015571500000000071,0.8351915581761006,,,,,,,,,,1.8476402411170483,-1.1460869535121336,-0.7023607304404431,0.02840541062668213,4.643273041132561,,37.0
ordered_probit,2020Q2,cut,hold,0.4070395973837511,0.5810808649178156,0.011879537698433196,0.5810808649178156,False,2.147317,1.755304,0.015571500000000071,0.8351915581761006,,,,,,,,,,1.0920243947191106,-0.6861149724037912,-0.39341690730723283,0.014245341141392441,2.510415175918616,,37.0
frank_hall_xgboost,2020Q2,cut,hold,,,,,False,2.147317,1.755304,0.015571500000000071,0.8351915581761006,,,,,,,,,,,,,,,,
majority_vote_ensemble,2020Q2,cut,hold,,,,,False,2.147317,1.755304,0.015571500000000071,0.8351915581761006,,,,,,,,,,,,,,,,
threshold,2020Q3,hold,cut,1.0,0.0,0.0,1.0,False,0.317177,1.235985,1.7187705666666666,-0.7250855751572329,,,,,,,2020Q2,0.3172322245459392,cut,,,,,,,
taylor_rule,2020Q3,hold,cut,,,,,False,0.317177,1.235985,1.7187705666666666,-0.7250855751572329,,,,,,,,,,,,,,,,
taylor_rule_estimated,2020Q3,hold,cut,0.9999999999966181,3.3818503553106893e-12,0.0,0.9999999999966181,False,0.317177,1.235985,1.7187705666666666,-0.7250855751572329,,-0.09257368211601782,0.10651585762437175,-0.3915888762894537,-0.9981303808036094,,,,,,,,,,,
ordered_logit,2020Q3,hold,cut,0.9999993544838098,6.385409873077563e-07,6.9752028597491744e-09,0.9999993544838098,False,0.317177,1.235985,1.7187705666666666,-0.7250855751572329,,,,,,,,,,1.761478636312342,-1.0356827519547078,-0.7069613760737039,0.09820000216032379,4.625889531820146,,38.0
ordered_probit,2020Q3,hold,cut,0.9999999999999998,2.220446049250313e-16,0.0,0.9999999999999998,False,0.317177,1.235985,1.7187705666666666,-0.7250855751572329,,,,,,,,,,1.0410207984647095,-0.6207511071476197,-0.39554746222879,0.05461383428276288,2.496101522452175,,38.0
frank_hall_xgboost,2020Q3,hold,cut,,,,,False,0.317177,1.235985,1.7187705666666666,-0.7250855751572329,,,,,,,,,,,,,,,,
majority_vote_ensemble,2020Q3,hold,cut,,,,,False,0.317177,1.235985,1.7187705666666666,-0.7250855751572329,,,,,,,,,,,,,,,,
threshold,2020Q4,cut,cut,1.0,0.0,0.0,1.0,False,0.472012,1.1682,0.1445360666666664,-1.279950325157233,,,,,,,2020Q3,0.4719891236457655,cut,,,,,,,
taylor_rule,2020Q4,cut,cut,,,,,False,0.472012,1.1682,0.1445360666666664,-1.279950325157233,,,,,,,,,,,,,,,,
taylor_rule_estimated,2020Q4,cut,cut,0.6875948620730358,0.3010257983858857,0.011379339541078504,0.6875948620730358,False,0.472012,1.1682,0.1445360666666664,-1.279950325157233,,-0.10236714244629959,0.047749310654238264,0.040401211338253,-0.19336273928596712,,,,,,,,,,,
ordered_logit,2020Q4,cut,cut,0.8545249091686907,0.14194095823214237,0.003534132599166906,0.8545249091686907,False,0.472012,1.1682,0.1445360666666664,-1.279950325157233,,,,,,,,,,1.330217232506137,-1.011379699279749,0.4413482809845525,0.0661488892268692,3.9373551038414134,,39.0
ordered_probit,2020Q4,cut,cut,0.8665835477358856,0.13280057358819453,0.0006158786759198343,0.8665835477358856,False,0.472012,1.1682,0.1445360666666664,-1.279950325157233,,,,,,,,,,0.826596456471337,-0.6272704793561004,0.2616855629481332,0.04453880262507087,2.165575679959966,,39.0
frank_hall_xgboost,2020Q4,cut,cut,,,,,False,0.472012,1.1682,0.1445360666666664,-1.279950325157233,,,,,,,,,,,,,,,,
majority_vote_ensemble,2020Q4,cut,cut,,,,,False,0.472012,1.1682,0.1445360666666664,-1.279950325157233,,,,,,,,,,,,,,,,
threshold,2021Q1,cut,cut,0.937,0.06299999999999994,0.0,0.937,False,1.271601,1.275657,-0.2772202666666663,-0.19144499182389937,,,,,,,2020Q4,1.2715147121184551,cut,,,,,,,
taylor_rule,2021Q1,cut,cut,,,,,False,1.271601,1.275657,-0.2772202666666663,-0.19144499182389937,,,,,,,,,,,,,,,,
taylor_rule_estimated,2021Q1,cut,cut,0.5934907301584483,0.3858803975465914,0.020628872294960243,0.5934907301584483,False,1.271601,1.275657,-0.2772202666666663,-0.19144499182389937,,-0.10314790905614186,0.03675444654623225,0.03417796078988578,-0.15777185784338202,,,,,,,,,,,
ordered_logit,2021Q1,cut,cut,0.7178496104720477,0.27414190534812055,0.008008484179831798,0.7178496104720477,False,1.271601,1.275657,-0.2772202666666663,-0.19144499182389937,,,,,,,,,,1.529484111675342,-1.0735556109409268,0.45743788649823386,0.12843639141276503,4.013829577900805,,40.0
ordered_probit,2021Q1,cut,cut,0.7150372003009905,0.2814505070211323,0.0035122926778772268,0.7150372003009905,False,1.271601,1.275657,-0.2772202666666663,-0.19144499182389937,,,,,,,,,,0.9479048723730585,-0.6654513950856584,0.27024976707948517,0.08375581557778812,2.2112712302151682,,40.0
frank_hall_xgboost,2021Q1,cut,hold,,,,,False,1.271601,1.275657,-0.2772202666666663,-0.19144499182389937,,,,,,,,,,,,,,,,
majority_vote_ensemble,2021Q1,cut,cut,,,,,False,1.271601,1.275657,-0.2772202666666663,-0.19144499182389937,,,,,,,,,,,,,,,,
threshold,2021Q2,hold,hold,0.05,0.722,0.228,0.722,False,2.68732,1.418007,-0.8400265333333339,1.7007303748427667,,,,,,,2021Q1,2.6874310873663334,hold,,,,,,,
taylor_rule,2021Q2,hold,hike,,,,,False,2.68732,1.418007,-0.8400265333333339,1.7007303748427667,,,,,,,,,,,,,,,,
taylor_rule_estimated,2021Q2,hold,hold,0.46613893191466893,0.49211965687905934,0.04174141120627173,0.49211965687905934,False,2.68732,1.418007,-0.8400265333333339,1.7007303748427667,,-0.10254607435711031,0.0288630428617748,0.019238209313040443,-0.11330005544501709,,,,,,,,,,,
ordered_logit,2021Q2,hold,hold,0.2528342391181401,0.6901258503579237,0.05703991052393609,0.6901258503579237,False,2.68732,1.418007,-0.8400265333333339,1.7007303748427667,,,,,,,,,,1.6053768532293984,-1.0824987852084336,0.5109098946476882,0.18460023975302683,4.073425961092329,,41.0
ordered_probit,2021Q2,hold,hold,0.23911770274036848,0.6824095573960027,0.0784727398636288,0.6824095573960027,False,2.68732,1.418007,-0.8400265333333339,1.7007303748427667,,,,,,,,,,0.9897663222214963,-0.6692067069664258,0.30044650302290843,0.11828956373084074,2.2428527952921247,,41.0
frank_hall_xgboost,2021Q2,hold,hold,,,,,False,2.68732,1.418007,-0.8400265333333339,1.7007303748427667,,,,,,,,,,,,,,,,
majority_vote_ensemble,2021Q2,hold,hold,,,,,False,2.68732,1.418007,-0.8400265333333339,1.7007303748427667,,,,,,,,,,,,,,,,
threshold,2021Q3,hold,hold,0.125,0.73,0.145,0.73,False,2.526423,1.472296,-0.7322345666666665,1.5132808581761001,,,,,,,2021Q2,2.5265422535421793,hold,,,,,,,
taylor_rule,2021Q3,hold,hike,,,,,False,2.526423,1.472296,-0.7322345666666665,1.5132808581761001,,,,,,,,,,,,,,,,
taylor_rule_estimated,2021Q3,hold,hold,0.4171440346123513,0.5299436452209084,0.0529123201667403,0.5299436452209084,False,2.526423,1.472296,-0.7322345666666665,1.5132808581761001,,-0.09959008257643315,0.028311310548699647,-0.0033834057359195344,-0.0963645661849063,,,,,,,,,,,
ordered_logit,2021Q3,hold,hold,0.2750727433869486,0.6795543346344304,0.045372921978621084,0.6795543346344304,False,2.526423,1.472296,-0.7322345666666665,1.5132808581761001,,,,,,,,,,1.6715900335346683,-1.1747410602399746,0.5260245843625851,0.12759229113694268,4.1430332962351315,,42.0
ordered_probit,2021Q3,hold,hold,0.27365116141370815,0.6707176657119098,0.05563117287438202,0.6707176657119098,False,2.526423,1.472296,-0.7322345666666665,1.5132808581761001,,,,,,,,,,1.023740382165172,-0.7160870390311296,0.31504363036718597,0.0823058897336498,2.276658126501788,,42.0
frank_hall_xgboost,2021Q3,hold,hold,,,,,False,2.526423,1.472296,-0.7322345666666665,1.5132808581761001,,,,,,,,,,,,,,,,
majority_vote_ensemble,2021Q3,hold,hold,,,,,False,2.526423,1.472296,-0.7322345666666665,1.5132808581761001,,,,,,,,,,,,,,,,
threshold,2021Q4,hold,hold,0.02,0.5249999999999999,0.455,0.5249999999999999,False,2.930131,2.126924,-0.536040466666666,2.2169399081761,,,,,,,2021Q3,2.9297102531466006,hold,,,,,,,
taylor_rule,2021Q4,hold,hike,,,,,False,2.930131,2.126924,-0.536040466666666,2.2169399081761,,,,,,,,,,,,,,,,
taylor_rule_estimated,2021Q4,hold,hold,0.3591709198117359,0.5712520870698599,0.06957699311840426,0.5712520870698599,False,2.930131,2.126924,-0.536040466666666,2.2169399081761,,-0.09759997460926469,0.027424002418780007,-0.01831749900427252,-0.07598514031045599,,,,,,,,,,,
ordered_logit,2021Q4,hold,hold,0.31635985103884645,0.6501271036494611,0.03351304531169241,0.6501271036494611,False,2.930131,2.126924,-0.536040466666666,2.2169399081761,,,,,,,,,,1.7133930266695478,-1.2472559859804107,0.5218134213828138,0.0714305771701976,4.2037149493142065,,43.0
ordered_probit,2021Q4,hold,hold,0.3179817585420891,0.6448981873782362,0.03712005407967467,0.6448981873782362,False,2.930131,2.126924,-0.536040466666666,2.2169399081761,,,,,,,,,,1.0479352362543435,-0.7568312038536701,0.31662773714312464,0.047214755897583664,2.305695494839343,,43.0
frank_hall_xgboost,2021Q4,hold,hold,,,,,False,2.930131,2.126924,-0.536040466666666,2.2169399081761,,,,,,,,,,,,,,,,
majority_vote_ensemble,2021Q4,hold,hold,,,,,False,2.930131,2.126924,-0.536040466666666,2.2169399081761,,,,,,,,,,,,,,,,
threshold,2022Q1,hold,hike,0.001,0.19699999999999995,0.802,0.802,False,3.356622,2.764723,0.028391766666666207,3.138892524842767,,,,,,,2021Q4,3.3566236905289326,hike,,,,,,,
taylor_rule,2022Q1,hold,hike,,,,,False,3.356622,2.764723,0.028391766666666207,3.138892524842767,,,,,,,,,,,,,,,,
taylor_rule_estimated,2022Q1,hold,hold,0.344526046689984,0.5827370528406806,0.07273690046933545,0.5827370528406806,False,3.356622,2.764723,0.028391766666666207,3.138892524842767,,-0.09541341913231782,0.0292064272580041,-0.024747732378413764,-0.07109718284492884,,,,,,,,,,,
ordered_logit,2022Q1,hold,hold,0.24564407436279742,0.7119088273079834,0.04244709832921911,0.7119088273079834,False,3.356622,2.764723,0.028391766666666207,3.138892524842767,,,,,,,,,,1.7670875363957572,-1.2579392358209058,0.5028331380517481,0.016077358591026485,4.254180443006436,,44.0
ordered_probit,2022Q1,hold,hold,0.2453355366601162,0.7027896729475401,0.05187479039234366,0.7027896729475401,False,3.356622,2.764723,0.028391766666666207,3.138892524842767,,,,,,,,,,1.079229368940784,-0.7638382811419042,0.30831859453027066,0.01338834157705324,2.3295714371728184,,44.0
frank_hall_xgboost,2022Q1,hold,hold,,,,,False,3.356622,2.764723,0.028391766666666207,3.138892524842767,,,,,,,,,,,,,,,,
majority_vote_ensemble,2022Q1,hold,hold,,,,,False,3.356622,2.764723,0.028391766666666207,3.138892524842767,,,,,,,,,,,,,,,,
threshold,2022Q2,hike,hike,0.0,0.0,1.0,1.0,False,4.500071,4.00603,-0.6320714999999995,4.5238343915094354,,,,,,,2022Q1,4.499937044461017,hike,,,,,,,
taylor_rule,2022Q2,hike,hike,,,,,False,4.500071,4.00603,-0.6320714999999995,4.5238343915094354,,,,,,,,,,,,,,,,
taylor_rule_estimated,2022Q2,hike,hold,0.19676002229129913,0.6492303969039561,0.1540095808047448,0.6492303969039561,False,4.500071,4.00603,-0.6320714999999995,4.5238343915094354,,-0.092477476673719,0.034091609693047836,-0.02088708248938228,-0.011089707223647537,,,,,,,,,,,
ordered_logit,2022Q2,hike,cut,0.49357598767293503,0.49321537302671553,0.013208639300349434,0.49357598767293503,False,4.500071,4.00603,-0.6320714999999995,4.5238343915094354,,,,,,,,,,1.8705661654091992,-1.2897203004339188,0.518140137625792,-0.03496708948377843,4.304317895657757,,45.0
ordered_probit,2022Q2,hike,hold,0.4946088057962849,0.4962120258507466,0.009179168352968503,0.4962120258507466,False,4.500071,4.00603,-0.6320714999999995,4.5238343915094354,,,,,,,,,,1.137354506488576,-0.7839892780784365,0.3149243855788278,-0.018091057204603453,2.353733442974491,,45.0
frank_hall_xgboost,2022Q2,hike,hold,,,,,False,4.500071,4.00603,-0.6320714999999995,4.5238343915094354,,,,,,,,,,,,,,,,
majority_vote_ensemble,2022Q2,hike,hold,,,,,False,4.500071,4.00603,-0.6320714999999995,4.5238343915094354,,,,,,,,,,,,,,,,
threshold,2022Q3,hike,hike,0.0,0.0,1.0,1.0,False,5.748893,5.059602,-0.26158190000000037,6.2489788581761,,,,,,,2022Q2,5.748931006683964,hike,,,,,,,
taylor_rule,2022Q3,hike,hike,,,,,False,5.748893,5.059602,-0.26158190000000037,6.2489788581761,,,,,,,,,,,,,,,,
taylor_rule_estimated,2022Q3,hike,hike,0.03134388819485102,0.4397370925197602,0.5289190192853888,0.5289190192853888,False,5.748893,5.059602,-0.26158190000000037,6.2489788581761,,-0.07883106797658783,0.06323407799899372,-0.032609002481412436,0.13513961022198945,,,,,,,,,,,
ordered_logit,2022Q3,hike,hike,0.020142822486251093,0.45175892499083486,0.5280982525229141,0.5280982525229141,False,5.748893,5.059602,-0.26158190000000037,6.2489788581761,,,,,,,,,,1.891013929771857,-0.9142847462030291,0.2647293056187658,-0.10966692694053483,3.6623803271654363,,46.0
ordered_probit,2022Q3,hike,hike,0.012372768993294763,0.44521938316476073,0.5424078478419445,0.5424078478419445,False,5.748893,5.059602,-0.26158190000000037,6.2489788581761,,,,,,,,,,1.1345988908890112,-0.5580364161387126,0.20458281041526702,-0.06433726661277385,2.074513128227671,,46.0
frank_hall_xgboost,2022Q3,hike,hold,,,,,False,5.748893,5.059602,-0.26158190000000037,6.2489788581761,,,,,,,,,,,,,,,,
majority_vote_ensemble,2022Q3,hike,hike,,,,,False,5.748893,5.059602,-0.26158190000000037,6.2489788581761,,,,,,,,,,,,,,,,
threshold,2022Q4,hike,hike,0.0,0.0,1.0,1.0,False,6.589692,6.630112,-0.27667736666666665,6.085962958176101,,,,,,,2022Q3,6.589673865171563,hike,,,,,,,
taylor_rule,2022Q4,hike,hike,,,,,False,6.589692,6.630112,-0.27667736666666665,6.085962958176101,,,,,,,,,,,,,,,,
taylor_rule_estimated,2022Q4,hike,hike,8.97369109431624e-06,0.001018113220242486,0.9989729130886632,0.9989729130886632,False,6.589692,6.630112,-0.27667736666666665,6.085962958176101,,-0.029504076005944638,0.1973846195785328,0.05122122755559407,0.7635664692499086,,,,,,,,,,,
ordered_logit,2022Q4,hike,hike,0.008443932359553685,0.2600767821148935,0.7314792855255527,0.7314792855255527,False,6.589692,6.630112,-0.27667736666666665,6.085962958176101,,,,,,,,,,2.3649191033469488,-1.023860132462528,0.2558817431747065,-0.2249409092286607,3.5387456235534875,,47.0
ordered_probit,2022Q4,hike,hike,0.0044399654820520456,0.3094074928716257,0.6861525416463222,0.6861525416463222,False,6.589692,6.630112,-0.27667736666666665,6.085962958176101,,,,,,,,,,1.4085765250424582,-0.6355554052777161,0.21814089617787086,-0.1279783614164485,2.0036902451189675,,47.0
frank_hall_xgboost,2022Q4,hike,hold,,,,,False,6.589692,6.630112,-0.27667736666666665,6.085962958176101,,,,,,,,,,,,,,,,
majority_vote_ensemble,2022Q4,hike,hike,,,,,False,6.589692,6.630112,-0.27667736666666665,6.085962958176101,,,,,,,,,,,,,,,,
threshold,2023Q1,hike,hike,0.0,0.0,1.0,1.0,False,6.424296,6.933986,-0.029836500000000044,4.961289391509434,,,,,,,2022Q4,6.4243057882251335,hike,,,,,,,
taylor_rule,2023Q1,hike,hike,,,,,False,6.424296,6.933986,-0.029836500000000044,4.961289391509434,,,,,,,,,,,,,,,,
taylor_rule_estimated,2023Q1,hike,hike,2.0126721284673804e-06,0.00033351218368792804,0.9996644751441836,0.9996644751441836,False,6.424296,6.933986,-0.029836500000000044,4.961289391509434,,-0.022945937275063364,0.21742071926162507,0.06497545583697542,0.828338681452375,,,,,,,,,,,
ordered_logit,2023Q1,hike,hike,0.0075542742828931175,0.2430667308191392,0.7493789948979677,0.7493789948979677,False,6.424296,6.933986,-0.029836500000000044,4.961289391509434,,,,,,,,,,2.8115518134097854,-1.205003207444467,0.2320088092042201,-0.3521941402420995,3.4305616546043796,,48.0
ordered_probit,2023Q1,hike,hike,0.0027458463653462543,0.2575065897307216,0.7397475639039321,0.7397475639039321,False,6.424296,6.933986,-0.029836500000000044,4.961289391509434,,,,,,,,,,1.6588569622370497,-0.7299472236542649,0.21242846214580094,-0.20121201678940384,1.9329023464782134,,48.0
frank_hall_xgboost,2023Q1,hike,hold,,,,,False,6.424296,6.933986,-0.029836500000000044,4.961289391509434,,,,,,,,,,,,,,,,
majority_vote_ensemble,2023Q1,hike,hike,,,,,False,6.424296,6.933986,-0.029836500000000044,4.961289391509434,,,,,,,,,,,,,,,,
threshold,2023Q2,hike,hike,0.0,0.0,1.0,1.0,False,5.949624,6.444057,0.1302270000000001,3.829313141509434,,,,,,,2023Q1,5.949550137568256,hike,,,,,,,
taylor_rule,2023Q2,hike,hike,,,,,False,5.949624,6.444057,0.1302270000000001,3.829313141509434,,,,,,,,,,,,,,,,
taylor_rule_estimated,2023Q2,hike,hike,9.673747827075267e-05,0.005616939430061113,0.9942863230916681,0.9942863230916681,False,5.949624,6.444057,0.1302270000000001,3.829313141509434,,-0.030006304738193497,0.1964350765655458,0.039863022966216174,0.6528120917159722,,,,,,,,,,,
ordered_logit,2023Q2,hike,hike,0.007184787815838832,0.2352311020173334,0.7575841101668277,0.7575841101668277,False,5.949624,6.444057,0.1302270000000001,3.829313141509434,,,,,,,,,,3.092951493479473,-1.2669586781222524,0.22546916216959112,-0.4818437857943583,3.3072550193568424,,49.0
ordered_probit,2023Q2,hike,hike,0.002102741319884995,0.23064332234919618,0.7672539363309188,0.7672539363309188,False,5.949624,6.444057,0.1302270000000001,3.829313141509434,,,,,,,,,,1.8114064991142755,-0.7569273542299897,0.20867563529672176,-0.2753406982627035,1.8571489312189615,,49.0
frank_hall_xgboost,2023Q2,hike,hold,,,,,False,5.949624,6.444057,0.1302270000000001,3.829313141509434,,,,,,,,,,,,,,,,
majority_vote_ensemble,2023Q2,hike,hike,,,,,False,5.949624,6.444057,0.1302270000000001,3.829313141509434,,,,,,,,,,,,,,,,
threshold,2023Q3,hike,hike,0.0,0.0,1.0,1.0,False,5.221123,5.278804,-0.019167733333333103,2.161864274842768,,,,,,,2023Q2,5.221146344577212,hike,,,,,,,
taylor_rule,2023Q3,hike,hike,,,,,False,5.221123,5.278804,-0.019167733333333103,2.161864274842768,,,,,,,,,,,,,,,,
taylor_rule_estimated,2023Q3,hike,hike,0.0017309308526616246,0.04115763304240022,0.9571114361049382,0.9571114361049382,False,5.221123,5.278804,-0.019167733333333103,2.161864274842768,,-0.03276249121203183,0.1891306026121304,0.027659251368718503,0.48135497640526115,,,,,,,,,,,
ordered_logit,2023Q3,hike,hike,0.010525245110714471,0.3083632500439541,0.6811115048453315,0.6811115048453315,False,5.221123,5.278804,-0.019167733333333103,2.161864274842768,,,,,,,,,,3.2666633154772313,-1.2504203789494521,0.23517485752757714,-0.6086816926210717,3.175831358412557,,50.0
ordered_probit,2023Q3,hike,hike,0.004523594313517078,0.3100820370847102,0.6853943686017727,0.6853943686017727,False,5.221123,5.278804,-0.019167733333333103,2.161864274842768,,,,,,,,,,1.9032364664601296,-0.7424389956856474,0.21055750121159658,-0.3470111491512019,1.780417388507313,,50.0
frank_hall_xgboost,2023Q3,hike,hold,,,,,False,5.221123,5.278804,-0.019167733333333103,2.161864274842768,,,,,,,,,,,,,,,,
majority_vote_ensemble,2023Q3,hike,hike,,,,,False,5.221123,5.278804,-0.019167733333333103,2.161864274842768,,,,,,,,,,,,,,,,
threshold,2023Q4,hike,hike,0.0,0.0010000000000000009,0.999,0.999,False,4.595413,4.952537,0.044873666666666256,1.0053199748427675,,,,,,,2023Q3,4.595402012655724,hike,,,,,,,
taylor_rule,2023Q4,hike,hike,,,,,False,4.595413,4.952537,0.044873666666666256,1.0053199748427675,,,,,,,,,,,,,,,,
taylor_rule_estimated,2023Q4,hike,hike,0.01179014966269033,0.1327765114306566,0.8554333389066531,0.8554333389066531,False,4.595413,4.952537,0.044873666666666256,1.0053199748427675,,-0.0364910284071996,0.1817096948999587,0.01920727124330337,0.34512772919955576,,,,,,,,,,,
ordered_logit,2023Q4,hike,hold,0.0275726390915928,0.5215164607064962,0.45091090020191105,0.5215164607064962,False,4.595413,4.952537,0.044873666666666256,1.0053199748427675,,,,,,,,,,3.365052337836184,-1.1808997725120387,0.23826865715228104,-0.7272429044564056,3.032719494929253,,51.0
ordered_probit,2023Q4,hike,hold,0.02025779411792564,0.5052736080970871,0.4744685977849873,0.5052736080970871,False,4.595413,4.952537,0.044873666666666256,1.0053199748427675,,,,,,,,,,1.9515897893044942,-0.6983728005954903,0.21146202486377338,-0.4130797594852547,1.6994151800808968,,51.0
frank_hall_xgboost,2023Q4,hike,hold,,,,,False,4.595413,4.952537,0.044873666666666256,1.0053199748427675,,,,,,,,,,,,,,,,
majority_vote_ensemble,2023Q4,hike,hike,,,,,True,4.595413,4.952537,0.044873666666666256,1.0053199748427675,,,,,,,,,,,,,,,,
threshold,2024Q1,hike,hike,0.003,0.15000000000000002,0.847,0.847,False,3.513029,3.969991,0.25034616666666665,-0.6821864418238999,,,,,,,2023Q4,3.513044577193174,hike,,,,,,,
taylor_rule,2024Q1,hike,cut,,,,,False,3.513029,3.969991,0.25034616666666665,-0.6821864418238999,,,,,,,,,,,,,,,,
taylor_rule_estimated,2024Q1,hike,hike,0.09721570588815492,0.36698025471943035,0.5358040393924147,0.5358040393924147,False,3.513029,3.969991,0.25034616666666665,-0.6821864418238999,,-0.039356862653475114,0.17751642462660505,0.01250493182110729,0.14360298521543222,,,,,,,,,,,
ordered_logit,2024Q1,hike,hold,0.10778562686074553,0.7193696630005936,0.17284471013866087,0.7193696630005936,False,3.513029,3.969991,0.25034616666666665,-0.6821864418238999,,,,,,,,,,3.2423301648432217,-0.892331622297309,0.22979708940365937,-0.84936837294187,2.8297926315309194,,52.0
ordered_probit,2024Q1,hike,hold,0.1060475091906038,0.6894598008642328,0.20449268994516345,0.6894598008642328,False,3.513029,3.969991,0.25034616666666665,-0.6821864418238999,,,,,,,,,,1.8774169453382856,-0.536776176090628,0.20296168953855126,-0.4789413995581127,1.594564422475044,,52.0
frank_hall_xgboost,2024Q1,hike,hold,,,,,False,3.513029,3.969991,0.25034616666666665,-0.6821864418238999,,,,,,,,,,,,,,,,
majority_vote_ensemble,2024Q1,hike,hike,,,,,True,3.513029,3.969991,0.25034616666666665,-0.6821864418238999,,,,,,,,,,,,,,,,
