quarter,cpi_qoq,cpi_yoy,trimmed_mean_cpi_qoq,trimmed_mean_cpi_yoy,unemployment_rate,unemployment_rate_change,cash_rate,cash_rate_change,wage_price_index,wpi_growth,producer_price_index,ppi_growth,commodity_price_index,commodity_growth,wti_price,wti_growth,brent_price,brent_growth,aud_usd,aud_usd_change,household_spending,household_spending_growth,inflation_expectations_business,ppi_growth_lag2_sq,commodity_growth_lag1_sq,wti_growth_lag1_sq,brent_growth_lag1_sq,cash_rate_change_lag1_x_unemployment_rate_change_lag1,cpi_yoy_lag1,cpi_yoy_lag4,trimmed_mean_cpi_yoy_lag1,trimmed_mean_cpi_yoy_lag4,cash_rate_lag1,cash_rate_lag2,cash_rate_lag4,unemployment_rate_lag1,unemployment_rate_lag2,unemployment_rate_lag4,wpi_growth_lag1,wpi_growth_lag2,ppi_growth_lag1,ppi_growth_lag2,commodity_growth_lag1,wti_growth_lag1,brent_growth_lag1,aud_usd_change_lag1,cash_rate_change_lag1,unemployment_rate_change_lag1,unemployment_rate_change_lag2,household_spending_growth_lag1,inflation_expectations_business_lag1,covid_shock_down_lag0,covid_shock_rebound_lag1
1995Q1,1.6,3.9,0.5,2.2,8.765438233333333,,7.5,,,,,,29.996282838648302,,,,,,,,,,4.02,,,,,,,,,,,,,,,,,,,,,,,,,,,,,0,0
1995Q2,1.3,4.5,0.9,2.5,8.364856566666667,-0.4005816666666657,7.5,0.0,,,,,31.011009592656265,3.3828416656364935,,,,,,,,,4.39,,,,,,3.9,,2.2,,7.5,,,8.765438233333333,,,,,,,,,,,,,,,4.02,0,0
1995Q3,1.2,5.1,1.0,2.9,8.370622566666666,0.005765999999999494,7.5,0.0,,,,,30.73383117637823,-0.8938064897560549,,,,,,,,,3.28,,11.443617734766285,,,-0.0,4.5,,2.5,,7.5,7.5,,8.364856566666667,8.765438233333333,,,,,,3.3828416656364935,,,,0.0,-0.4005816666666657,,,4.39,0,0
1995Q4,0.8,4.9,0.7,3.1,8.390928500000001,0.020305933333334636,7.5,0.0,,,,,30.162207948075963,-1.8599152999239865,,,,,,,,,2.58,,0.7988900411300407,,,0.0,5.1,,2.9,,7.5,7.5,,8.370622566666666,8.364856566666667,,,,,,-0.8938064897560549,,,,0.0,0.005765999999999494,-0.4005816666666657,,3.28,0,0
1996Q1,0.5,3.8,0.6,3.2,8.4001152,0.009186699999998993,7.5,0.0,,,,,29.976517462325003,-0.6156395648177493,,,,,,,,,2.26,,3.459284922891333,,,0.0,4.9,3.9,3.1,2.2,7.5,7.5,7.5,8.390928500000001,8.370622566666666,8.765438233333333,,,,,-1.8599152999239865,,,,0.0,0.020305933333334636,0.005765999999999494,,2.58,0,0
1996Q2,0.6,3.1,0.7,3.0,8.415734866666666,0.015619666666665921,7.5,0.0,,,,,28.887438461873064,-3.633107154027193,,,,,,,,,2.18,,0.3790120737689877,,,0.0,3.8,4.5,3.2,2.5,7.5,7.5,7.5,8.4001152,8.390928500000001,8.364856566666667,,,,,-0.6156395648177493,,,,0.0,0.009186699999998993,0.020305933333334636,,2.26,0,0
1996Q3,0.3,2.1,0.5,2.5,8.622635266666666,0.20690040000000032,7.0,-0.5,,,,,28.5546993063498,-1.151847215399271,,,,,,,,,1.81,,13.19946759264357,,,0.0,3.1,5.1,3.0,2.9,7.5,7.5,7.5,8.415734866666666,8.4001152,8.370622566666666,,,,,-3.633107154027193,,,,0.0,0.015619666666665921,0.009186699999998993,,2.18,0,0
1996Q4,0.3,1.7,0.5,2.3,8.6205908,-0.0020444666666659117,6.5,-0.5,,,,,28.125201286748137,-1.5041237695896714,,,,,,,,,1.57,,1.3267520076230543,,,-0.10345020000000016,2.1,4.9,2.5,3.1,7.0,7.5,7.5,8.622635266666666,8.415734866666666,8.390928500000001,,,,,-1.151847215399271,,,,-0.5,0.20690040000000032,0.015619666666665921,,1.81,0,0
1997Q1,0.0,1.2,0.7,2.4,8.621391066666666,0.00080026666666555,6.0,-0.5,,,,,28.834816555166267,2.5230584527495603,,,,,,,,,1.93,,2.262388314244643,,,0.0010222333333329559,1.7,3.8,2.3,3.2,6.5,7.0,7.5,8.6205908,8.622635266666666,8.4001152,,,,,-1.5041237695896714,,,,-0.5,-0.0020444666666659117,0.20690040000000032,,1.57,0,0
1997Q2,-0.3,0.3,0.3,2.0,8.482456566666668,-0.13893449999999774,5.666666666666667,-0.33333333333333304,,,,,29.01677099419903,0.6310233973039203,,,,,,,,,1.77,,6.365823955991005,,,-0.000400133333332775,1.2,3.1,2.4,3.0,6.0,6.5,7.5,8.621391066666666,8.6205908,8.415734866666666,,,,,2.5230584527495603,,,,-0.5,0.00080026666666555,-0.0020444666666659117,,1.93,0,0
1997Q3,-0.3,-0.3,0.2,1.7,8.374511700000001,-0.10794486666666714,5.0,-0.666666666666667,66.7,,,,29.5374388897053,1.794368834527993,,,,,,,,,1.49,,0.3981905279449813,,,0.04631149999999921,0.3,2.1,2.0,2.5,5.666666666666667,6.0,7.0,8.482456566666668,8.621391066666666,8.622635266666666,,,,,0.6310233973039203,,,,-0.33333333333333304,-0.13893449999999774,0.00080026666666555,,1.77,0,0
1997Q4,0.3,-0.3,0.7,1.9,7.977187499999999,-0.3973242000000017,5.0,0.0,67.3,0.8995502248875464,,,30.5613652769795,3.4665374716393194,,,,,,,,,1.69,,3.2197595143253475,,,0.0719632444444448,-0.3,1.7,1.7,2.3,5.0,5.666666666666667,6.5,8.374511700000001,8.482456566666668,8.6205908,,,,,1.794368834527993,,,,-0.666666666666667,-0.10794486666666714,-0.13893449999999774,,1.49,0,0
1998Q1,0.1,-0.1,0.5,1.7,7.840956133333333,-0.13623136666666635,5.0,0.0,67.8,0.7429420505200568,,,30.118664690505536,-1.4485628585691246,,,,,,,,,2.06,,12.016882042279525,,,-0.0,-0.3,1.2,1.9,2.4,5.0,5.0,6.0,7.977187499999999,8.374511700000001,8.621391066666666,0.8995502248875464,,,,3.4665374716393194,,,,0.0,-0.3973242000000017,-0.10794486666666714,,1.69,0,0
1998Q2,0.6,0.7,0.5,1.9,7.733828733333333,-0.10712740000000043,5.0,0.0,68.2,0.5899705014749346,,,30.71562004866517,1.9820113683453489,,,,,,,,,1.53,,2.0983343552259535,,,-0.0,-0.1,0.3,1.7,2.0,5.0,5.0,5.666666666666667,7.840956133333333,7.977187499999999,8.482456566666668,0.7429420505200568,0.8995502248875464,,,-1.4485628585691246,,,,0.0,-0.13623136666666635,-0.3973242000000017,,2.06,0,0
1998Q3,0.3,1.3,0.3,2.0,7.7882881,0.054459366666667286,5.0,0.0,68.9,1.026392961876832,71.3,,30.620880577588764,-0.3084406921504468,,,,,,,,,1.49,,3.928369064250202,,,-0.0,0.7,-0.3,1.9,1.7,5.0,5.0,5.0,7.733828733333333,7.840956133333333,8.374511700000001,0.5899705014749346,0.7429420505200568,,,1.9820113683453489,,,,0.0,-0.10712740000000043,-0.13623136666666635,,1.53,0,0
1998Q4,0.4,1.5,0.4,1.7,7.3748021,-0.4134859999999998,4.916666666666667,-0.08333333333333304,69.3,0.5805515239477366,70.9,-0.5610098176717981,28.92786602740843,-5.52895448545474,,,,,,,,,1.04,,0.09513566057424669,,,0.0,1.3,-0.3,2.0,1.9,5.0,5.0,5.0,7.7882881,7.733828733333333,7.977187499999999,1.026392961876832,0.5899705014749346,,,-0.3084406921504468,,,,0.0,0.054459366666667286,-0.10712740000000043,,1.49,0,0
1999Q1,-0.1,1.2,0.5,1.7,7.082459,-0.2923431000000001,4.75,-0.16666666666666696,70.0,1.0101010101010166,70.7,-0.28208744710860323,28.07201923736247,-2.9585548731284494,,,,,,,,,1.0,,30.56933770223009,,,0.034457166666666525,1.5,-0.1,1.7,1.7,4.916666666666667,5.0,5.0,7.3748021,7.7882881,7.840956133333333,0.5805515239477366,1.026392961876832,-0.5610098176717981,,-5.52895448545474,,,,-0.08333333333333304,-0.4134859999999998,0.054459366666667286,,1.04,0,0
1999Q2,0.4,1.0,0.5,1.7,6.886110866666667,-0.19634813333333323,4.75,0.0,70.3,0.4285714285714226,70.9,0.28288543140029265,26.7753016339767,-4.619253044896398,,,,,,,,,1.08,0.3147320155241442,8.753046937312096,,,0.048723850000000096,1.2,0.7,1.7,1.9,4.75,4.916666666666667,5.0,7.082459,7.3748021,7.733828733333333,1.0101010101010166,0.5805515239477366,-0.28208744710860323,-0.5610098176717981,-2.9585548731284494,,,,-0.16666666666666696,-0.2923431000000001,-0.4134859999999998,,1.0,0,0
1999Q3,0.9,1.6,0.8,2.2,6.874404833333333,-0.011706033333333643,4.75,0.0,71.0,0.9957325746799528,71.5,0.8462623413258097,27.652288196969664,3.27535642728336,,,,,,,,,1.21,0.07957332781624903,21.337498692784646,,,-0.0,1.0,1.3,1.7,2.0,4.75,4.75,5.0,6.886110866666667,7.082459,7.7882881,0.4285714285714226,1.0101010101010166,0.28288543140029265,-0.28208744710860323,-4.619253044896398,,,,0.0,-0.19634813333333323,-0.2923431000000001,,1.08,0,0
1999Q4,0.6,1.8,0.6,2.4,6.6339581333333335,-0.24044669999999968,4.916666666666667,0.16666666666666696,71.4,0.5633802816901401,72.1,0.8391608391608241,28.665585481032867,3.6644247190156465,,,,,,,,,1.37,0.08002416729852968,10.727959725746418,,,-0.0,1.6,1.5,2.2,1.7,4.75,4.75,4.916666666666667,6.874404833333333,6.886110866666667,7.3748021,0.9957325746799528,0.4285714285714226,0.8462623413258097,0.28288543140029265,3.27535642728336,,,,0.0,-0.011706033333333643,-0.19634813333333323,,1.21,0,0
2000Q1,0.9,2.8,0.7,2.6,6.650502033333333,0.01654389999999939,5.333333333333333,0.4166666666666661,71.9,0.7002801120448154,73.1,1.386962552011095,29.987321096896967,4.610879539643986,,,,,,,,,1.89,0.7161599503462412,13.428008521332899,,,-0.04007445000000002,1.8,1.2,2.4,1.7,4.916666666666667,4.75,4.75,6.6339581333333335,6.874404833333333,7.082459,0.5633802816901401,0.9957325746799528,0.8391608391608241,0.8462623413258097,3.6644247190156465,,,,0.16666666666666696,-0.24044669999999968,-0.011706033333333643,,1.37,0,0
2000Q2,0.7,3.1,0.6,2.7,6.302070100000001,-0.3484319333333321,5.916666666666667,0.5833333333333339,72.3,0.5563282336578546,74.4,1.7783857729138264,32.314875748889435,7.761795875235156,,,,,,,,,3.47,0.7041909139810985,21.260210129107538,,,0.006893291666666403,2.8,1.0,2.6,1.7,5.333333333333333,4.916666666666667,4.75,6.650502033333333,6.6339581333333335,6.886110866666667,0.7002801120448154,0.5633802816901401,1.386962552011095,0.8391608391608241,4.610879539643986,,,,0.4166666666666661,0.01654389999999939,-0.24044669999999968,,1.89,0,0
2000Q3,3.8,6.1,0.5,2.4,5.989740533333333,-0.31232956666666745,6.166666666666667,0.25,73.2,1.2448132780083165,74.8,0.5376344086021501,33.993940493492666,5.1959498704275076,33.5274073989303,,,,,,,,2.06,1.9236651206811297,60.245475208817474,,,-0.2032519611111106,3.1,1.6,2.7,2.2,5.916666666666667,5.333333333333333,4.75,6.302070100000001,6.650502033333333,6.874404833333333,0.5563282336578546,0.7002801120448154,1.7783857729138264,1.386962552011095,7.761795875235156,,,,0.5833333333333339,-0.3484319333333321,0.01654389999999939,,3.47,0,0
2000Q4,0.3,5.8,0.6,2.4,6.172109266666666,0.18236873333333303,6.25,0.08333333333333304,73.8,0.8196721311475308,75.9,1.4705882352941346,36.256607809106164,6.656090123022462,31.90000001845821,-4.853961301296483,,,,,,,2.64,3.1626559573023076,26.99789505599563,,,-0.07808239166666686,6.1,1.8,2.4,2.4,6.166666666666667,5.916666666666667,4.916666666666667,5.989740533333333,6.302070100000001,6.6339581333333335,1.2448132780083165,0.5563282336578546,0.5376344086021501,1.7783857729138264,5.1959498704275076,,,,0.25,-0.31232956666666745,-0.3484319333333321,,2.06,0,0
2001Q1,1.1,6.0,1.0,2.7,6.366243933333333,0.1941346666666668,5.833333333333333,-0.41666666666666696,74.6,1.084010840108407,75.8,-0.13175230566535578,36.318521451107266,0.17076512597946625,28.671451568603516,-10.120841529738467,,,,,,,1.53,0.28905075731298363,44.303535725797175,23.560940314483844,,0.015197394444444366,5.8,2.8,2.4,2.6,6.25,6.166666666666667,5.333333333333333,6.172109266666666,5.989740533333333,6.650502033333333,0.8196721311475308,1.2448132780083165,1.4705882352941346,0.5376344086021501,6.656090123022462,-4.853961301296483,,,0.08333333333333304,0.18236873333333303,-0.31232956666666745,,2.64,0,0
2001Q2,0.8,6.1,0.8,2.9,6.869537533333333,0.5032936000000001,5.0,-0.833333333333333,75.0,0.536193029490617,77.0,1.58311345646438,38.2289314424955,5.260153538904566,27.98238097296821,-2.4033334830869557,,,,,,,2.29,2.162629757785517,0.029160728250782978,102.43143327007887,,-0.08088944444444456,6.0,3.1,2.7,2.7,5.833333333333333,6.25,5.916666666666667,6.366243933333333,6.172109266666666,6.302070100000001,1.084010840108407,0.8196721311475308,-0.13175230566535578,1.4705882352941346,0.17076512597946625,-10.120841529738467,,,-0.41666666666666696,0.1941346666666668,0.18236873333333303,,1.53,0,0
2001Q3,0.3,2.5,0.7,3.1,6.867782666666667,-0.0017548666666664658,4.916666666666667,-0.08333333333333304,75.8,1.0666666666666602,76.8,-0.2597402597402598,38.13520837785833,-0.24516265849111596,26.64449996948242,-4.781154987412329,,,,,,,1.64,0.01735867004813734,27.669215252850233,5.776011830926879,,-0.4194113333333333,6.1,6.1,2.9,2.4,5.0,5.833333333333333,6.166666666666667,6.869537533333333,6.366243933333333,5.989740533333333,0.536193029490617,1.084010840108407,1.58311345646438,-0.13175230566535578,5.260153538904566,-2.4033334830869557,,,-0.833333333333333,0.5032936000000001,0.1941346666666668,,2.29,0,0
2001Q4,0.9,3.1,0.8,3.3,6.979481766666666,0.11169909999999916,4.416666666666667,-0.5,76.4,0.7915567282322122,77.2,0.5208333333333481,36.810177404548035,-3.4745607266161493,20.53274203884986,-22.938159611299636,,,,,,,1.32,2.5062482160385966,0.06010472911843155,22.859443013657785,,0.00014623888888887164,2.5,5.8,3.1,2.4,4.916666666666667,5.0,6.25,6.867782666666667,6.869537533333333,6.172109266666666,1.0666666666666602,0.536193029490617,-0.2597402597402598,1.58311345646438,-0.24516265849111596,-4.781154987412329,,,-0.08333333333333304,-0.0017548666666664658,0.5032936000000001,,1.64,0,0
2002Q1,0.9,3.0,0.8,3.1,6.6275595,-0.3519222666666657,4.25,-0.16666666666666696,76.9,0.654450261780104,77.3,0.12953367875647714,36.94500680947076,0.3662829533281897,21.628499952952065,5.336637026018876,,,,,,,1.58,0.06746500252993765,12.072572242943343,526.1591663534579,,-0.05584954999999958,3.1,6.0,3.3,2.7,4.416666666666667,4.916666666666667,5.833333333333333,6.979481766666666,6.867782666666667,6.366243933333333,0.7915567282322122,1.0666666666666602,0.5208333333333481,-0.2597402597402598,-3.4745607266161493,-22.938159611299636,,,-0.5,0.11169909999999916,-0.0017548666666664658,,1.32,0,0
2002Q2,0.7,2.8,0.6,2.9,6.404725666666667,-0.2228338333333335,4.5,0.25,77.4,0.6501950585175553,77.5,0.2587322121604174,35.4205645027496,-4.126247193789601,26.270312547683716,21.461555839881964,,,,,,,1.87,0.27126736111112654,0.1341632018988208,28.479694747475587,,0.058653711111111055,3.0,6.1,3.1,2.9,4.25,4.416666666666667,5.0,6.6275595,6.979481766666666,6.869537533333333,0.654450261780104,0.7915567282322122,0.12953367875647714,0.5208333333333481,0.3662829533281897,5.336637026018876,,,-0.16666666666666696,-0.3519222666666657,0.11169909999999916,,1.58,0,0
2002Q3,0.8,3.3,0.7,2.9,6.280471133333333,-0.12425453333333358,4.75,0.25,78.3,1.1627906976743985,77.8,0.3870967741935516,36.4852121363645,3.0057331060668435,28.252063478742325,7.543689963571998,,,,,,,1.79,0.01677897393218622,17.025915904256554,460.5983790683716,,-0.05570845833333338,2.8,2.5,2.9,3.1,4.5,4.25,4.916666666666667,6.404725666666667,6.6275595,6.867782666666667,0.6501950585175553,0.654450261780104,0.2587322121604174,0.12953367875647714,-4.126247193789601,21.461555839881964,,,0.25,-0.2228338333333335,-0.3519222666666657,,1.87,0,0
2002Q4,0.6,3.1,0.7,2.8,6.157816866666667,-0.12265426666666635,4.75,0.0,78.9,0.766283524904221,78.2,0.5141388174807249,37.30744410470127,2.253603364737611,28.233650873577783,-0.06517260297959071,,,,,,,1.53,0.06694235760942326,9.034431504906236,56.90725826649689,,-0.031063633333333396,3.3,3.1,2.9,3.3,4.75,4.5,4.416666666666667,6.280471133333333,6.404725666666667,6.979481766666666,1.1627906976743985,0.6501950585175553,0.3870967741935516,0.2587322121604174,3.0057331060668435,7.543689963571998,,,0.25,-0.12425453333333358,-0.2228338333333335,,1.79,0,0
2003Q1,1.3,3.4,0.8,2.9,6.056286166666666,-0.10153070000000053,4.75,0.0,79.7,1.0139416983523386,78.8,0.7672634271099765,36.136044413387566,-3.1398551131678554,33.80147530602627,19.72052589790676,,,,,,,1.74,0.14984391259105348,5.0787281255566805,0.004247468179135356,,-0.0,3.1,3.0,2.8,3.1,4.75,4.75,4.25,6.157816866666667,6.280471133333333,6.6275595,0.766283524904221,1.1627906976743985,0.5141388174807249,0.3870967741935516,2.253603364737611,-0.06517260297959071,,,0.0,-0.12265426666666635,-0.12425453333333358,,1.53,0,0
2003Q2,-0.1,2.6,0.5,2.8,6.051211533333333,-0.005074633333332912,4.75,0.0,80.1,0.5018820577164185,78.5,-0.3807106598984755,32.48360403782707,-10.107471459182038,28.90857139466301,-14.475415250561364,,,,,,,1.18,0.2643387236404781,9.858690131686325,388.8991416900113,,-0.0,3.4,2.8,2.9,2.9,4.75,4.75,4.5,6.056286166666666,6.157816866666667,6.404725666666667,1.0139416983523386,0.766283524904221,0.7672634271099765,0.5141388174807249,-3.1398551131678554,19.72052589790676,,,0.0,-0.10153070000000053,-0.12265426666666635,,1.74,0,0
2003Q3,0.6,2.5,0.7,2.8,5.9071963,-0.14401523333333355,4.75,0.0,81.1,1.2484394506866447,79.0,0.6369426751592355,32.4740423798072,-0.029435336081351515,30.211406230926514,4.50674237227795,,,,,,,1.38,0.5886931665805463,102.16097929817948,209.5376466761845,,-0.0,2.6,3.3,2.8,2.9,4.75,4.75,4.75,6.051211533333333,6.056286166666666,6.280471133333333,0.5018820577164185,1.0139416983523386,-0.3807106598984755,0.7672634271099765,-10.107471459182038,-14.475415250561364,,,0.0,-0.005074633333332912,-0.10153070000000053,,1.18,0,0
2003Q4,0.6,2.4,0.7,2.7,5.708952,-0.19824429999999982,5.0,0.25,81.9,0.9864364981504448,79.0,0.0,31.8688889483488,-1.8634989274839864,31.16032252773162,3.14092064947884,,,,,,,1.2,0.1449406065603327,0.0008664390102221144,20.310726810085484,,-0.0,2.5,3.1,2.8,2.8,4.75,4.75,4.75,5.9071963,6.051211533333333,6.157816866666667,1.2484394506866447,0.5018820577164185,0.6369426751592355,-0.3807106598984755,-0.029435336081351515,4.50674237227795,,,0.0,-0.14401523333333355,-0.005074633333332912,,1.38,0,0
2004Q1,0.8,1.9,0.7,2.6,5.5373783,-0.17157369999999972,5.25,0.25,82.5,0.73260073260073,79.5,0.6329113924050667,32.12833943063203,0.814118379538531,35.25016371930232,13.125156801348513,,,,,,,1.08,0.40569597143900343,3.4726282527339674,9.865382526322579,,-0.049561074999999954,2.4,3.4,2.7,2.9,5.0,4.75,4.75,5.708952,5.9071963,6.056286166666666,0.9864364981504448,1.2484394506866447,0.0,0.6369426751592355,-1.8634989274839864,3.14092064947884,,,0.25,-0.19824429999999982,-0.14401523333333355,,1.2,0,0
2004Q2,0.5,2.5,0.6,2.6,5.435813933333333,-0.10156436666666746,5.25,0.0,82.9,0.48484848484848797,80.4,1.132075471698113,36.15193715045413,12.52351597103052,38.283709741407826,8.605764348391931,,,,,,,1.93,0.0,0.6627887359024435,172.26974105998514,,-0.04289342499999993,1.9,2.6,2.6,2.8,5.25,5.0,4.75,5.5373783,5.708952,6.051211533333333,0.73260073260073,0.9864364981504448,0.6329113924050667,0.0,0.814118379538531,13.125156801348513,,,0.25,-0.17157369999999972,-0.19824429999999982,,1.08,0,0
2004Q3,0.4,2.3,0.6,2.6,5.479516333333334,0.04370240000000081,5.25,0.0,84.0,1.3268998793727338,81.5,1.3681592039801016,37.99305132180557,5.092712359200124,43.89203143119812,14.64936843287241,,,,,,,1.85,0.40057683063612026,156.8384522766565,74.0591800200536,,-0.0,2.5,2.5,2.6,2.8,5.25,5.25,4.75,5.435813933333333,5.5373783,5.9071963,0.48484848484848797,0.73260073260073,1.132075471698113,0.6329113924050667,12.52351597103052,8.605764348391931,,,0.0,-0.10156436666666746,-0.17157369999999972,,1.93,0,0
2004Q4,1.0,2.6,0.8,2.7,5.117552766666667,-0.36196356666666674,5.25,0.0,84.8,0.952380952380949,82.4,1.1042944785276232,37.17487966943563,-2.1534770804269576,48.27193506302372,9.978812757142963,,,,,,,1.48,1.281594873620505,25.935719173549696,214.60399548203867,,0.0,2.3,2.4,2.6,2.7,5.25,5.25,5.0,5.479516333333334,5.435813933333333,5.708952,1.3268998793727338,0.48484848484848797,1.3681592039801016,1.132075471698113,5.092712359200124,14.64936843287241,,,0.0,0.04370240000000081,-0.10156436666666746,,1.85,0,0
2005Q1,0.5,2.4,0.6,2.7,5.106783733333334,-0.010769033333333233,5.333333333333333,0.08333333333333304,85.7,1.0613207547169878,82.4,0.0,37.67909921241374,1.3563447883670365,50.030983596551614,3.644039815746525,,,,,,,1.65,1.8718596074354652,4.637463535924213,99.57670404211915,,-0.0,2.6,1.9,2.7,2.6,5.25,5.25,5.25,5.117552766666667,5.479516333333334,5.5373783,0.952380952380949,1.3268998793727338,1.1042944785276232,1.3681592039801016,-2.1534770804269576,9.978812757142963,,,0.0,-0.36196356666666674,0.04370240000000081,,1.48,0,0
2005Q2,0.6,2.5,0.6,2.7,5.0571962,-0.049587533333333766,5.5,0.16666666666666696,86.3,0.7001166861143382,83.1,0.8495145631067791,43.01399424696947,14.158764795518518,53.22015619277954,6.374395158698709,,,,,,,1.91,1.2194662953065953,1.839671184930421,13.279026178745966,,-0.000897419444444433,2.4,2.5,2.7,2.6,5.333333333333333,5.25,5.25,5.106783733333334,5.117552766666667,5.435813933333333,1.0613207547169878,0.952380952380949,0.0,1.1042944785276232,1.3563447883670365,3.644039815746525,,,0.08333333333333304,-0.010769033333333233,-0.36196356666666674,,1.65,0,0
2005Q3,1.0,3.1,0.6,2.7,4.958602733333334,-0.09859346666666635,5.5,0.0,87.5,1.3904982618771822,84.3,1.4440433212996373,46.269062720172634,7.567463868883784,63.3120311498642,18.96250533449926,,,,,,,1.59,0.0,200.47062053481454,40.63291363924154,,-0.008264588888888976,2.5,2.3,2.7,2.6,5.5,5.333333333333333,5.25,5.0571962,5.106783733333334,5.479516333333334,0.7001166861143382,1.0613207547169878,0.8495145631067791,0.0,14.158764795518518,6.374395158698709,,,0.16666666666666696,-0.049587533333333766,-0.010769033333333233,,1.91,0,0
2005Q4,0.6,2.7,0.7,2.6,5.007952566666667,0.049349833333333315,5.5,0.0,88.3,0.9142857142857119,84.9,0.7117437722420128,48.72084935904837,5.2989762375428295,60.04645169165827,-5.157912957295685,,,,,,,1.56,0.7216749929305017,57.26650940686152,359.57660856091286,,-0.0,3.1,2.6,2.7,2.7,5.5,5.5,5.25,4.958602733333334,5.0571962,5.117552766666667,1.3904982618771822,0.7001166861143382,1.4440433212996373,0.8495145631067791,7.567463868883784,18.96250533449926,,,0.0,-0.09859346666666635,-0.049587533333333766,,1.59,0,0
2006Q1,0.8,3.0,0.8,2.8,5.044254333333334,0.03630176666666696,5.5,0.0,89.2,1.0192525481313774,85.5,0.7067137809187107,51.98772792208157,6.705298873092147,63.47758047042355,5.7141241190808545,,,,,,,1.74,2.0852611137900876,28.07914916604356,26.60406607503872,,0.0,2.7,2.4,2.6,2.7,5.5,5.5,5.333333333333333,5.007952566666667,4.958602733333334,5.106783733333334,0.9142857142857119,1.3904982618771822,0.7117437722420128,1.4440433212996373,5.2989762375428295,-5.157912957295685,,,0.0,0.049349833333333315,-0.09859346666666635,,1.56,0,0
2006Q2,1.5,4.0,0.8,3.0,4.857371833333333,-0.18688250000000117,5.666666666666667,0.16666666666666696,89.9,0.7847533632286963,86.8,1.5204678362572999,55.26980662917689,6.313179741215946,70.72365073552207,11.415164553215318,,,,,,,2.44,0.5065791973252902,44.96103297749082,32.65121444826155,,0.0,3.0,2.5,2.8,2.7,5.5,5.5,5.5,5.044254333333334,5.007952566666667,5.0571962,1.0192525481313774,0.9142857142857119,0.7067137809187107,0.7117437722420128,6.705298873092147,5.7141241190808545,,,0.0,0.03630176666666696,0.049349833333333315,,1.74,0,0
2006Q3,0.8,3.8,0.7,3.1,4.678365866666667,-0.1790059666666659,5.916666666666667,0.25,90.9,1.1123470522803158,87.7,1.0368663594470195,55.6029107505743,0.602687329145768,70.50222227308485,-0.31308969507989337,,,,,,,1.78,0.4994443681404195,39.85623844489944,130.30598177698346,,-0.031147083333333585,4.0,3.1,3.0,2.7,5.666666666666667,5.5,5.5,4.857371833333333,5.044254333333334,4.958602733333334,0.7847533632286963,1.0192525481313774,1.5204678362572999,0.7067137809187107,6.313179741215946,11.415164553215318,,,0.16666666666666696,-0.18688250000000117,0.03630176666666696,,2.44,0,0
2006Q4,0.1,3.3,0.6,3.0,4.515483166666667,-0.16288269999999994,6.166666666666667,0.25,91.8,0.990099009900991,87.9,0.22805017103764147,54.65604160894029,-1.702912903034004,60.174193474554244,-14.649224471997202,,,,,,,1.86,2.3118224410929553,0.3632320167128592,0.0980251571652206,,-0.044751491666666476,3.8,2.7,3.1,2.6,5.916666666666667,5.666666666666667,5.5,4.678365866666667,4.857371833333333,5.007952566666667,1.1123470522803158,0.7847533632286963,1.0368663594470195,1.5204678362572999,0.602687329145768,-0.31308969507989337,,,0.25,-0.1790059666666659,-0.18688250000000117,,1.78,0,0
2007Q1,0.0,2.5,0.6,2.7,4.549238466666667,0.033755300000000155,6.25,0.08333333333333304,92.8,1.089324618736387,87.9,0.0,54.31316937074977,-0.6273272415952658,58.270645203128936,-3.163396402197327,,,,,,,1.65,1.0750918473529159,2.899912355319699,214.5997776309617,,-0.040720674999999984,3.3,3.0,3.0,2.8,6.166666666666667,5.916666666666667,5.5,4.515483166666667,4.678365866666667,5.044254333333334,0.990099009900991,1.1123470522803158,0.22805017103764147,1.0368663594470195,-1.702912903034004,-14.649224471997202,,,0.25,-0.16288269999999994,-0.1790059666666659,,1.86,0,0
2007Q2,1.2,2.1,0.9,2.8,4.3249484,-0.22429006666666673,6.25,0.0,93.5,0.7543103448275801,88.8,1.0238907849829282,54.12811654486527,-0.3407144676483509,65.02412680974082,11.589852116909881,,,,,,,2.09,0.052006880510297525,0.39353946804752493,10.007076797434994,,0.0028129416666666696,2.5,4.0,2.7,3.0,6.25,6.166666666666667,5.666666666666667,4.549238466666667,4.515483166666667,4.857371833333333,1.089324618736387,0.990099009900991,0.0,0.22805017103764147,-0.6273272415952658,-3.163396402197327,,,0.08333333333333304,0.033755300000000155,-0.16288269999999994,,1.65,0,0
2007Q3,0.6,1.8,0.9,2.9,4.2552332999999996,-0.0697151000000007,6.416666666666667,0.16666666666666696,94.8,1.3903743315508033,89.8,1.1261261261261257,53.52545853859137,-1.113391791074736,75.1477778601268,15.56906881657567,74.02977284518155,,,,,,1.86,0.0,0.11608634846489915,134.32467209184045,,-0.0,2.1,3.8,2.8,3.1,6.25,6.25,5.916666666666667,4.3249484,4.549238466666667,4.678365866666667,0.7543103448275801,1.089324618736387,1.0238907849829282,0.0,-0.3407144676483509,11.589852116909881,,,0.0,-0.22429006666666673,0.033755300000000155,,2.09,0,0
2007Q4,1.2,3.0,1.2,3.6,4.353817833333333,0.09858453333333372,6.666666666666667,0.25,95.7,0.9493670886076,90.4,0.6681514476614803,54.65931858083827,2.118356522680487,90.50390589237213,20.43457367538908,88.40109384059906,19.412893546860175,,,,,2.28,1.0483523395729568,1.2396412804326085,242.39590381526895,,-0.01161918333333347,1.8,3.3,2.9,3.0,6.416666666666667,6.25,6.166666666666667,4.2552332999999996,4.3249484,4.515483166666667,1.3903743315508033,0.7543103448275801,1.1261261261261257,1.0238907849829282,-1.113391791074736,15.56906881657567,,,0.16666666666666696,-0.0697151000000007,-0.22429006666666673,,1.86,0,0
2008Q1,1.2,4.3,1.1,4.2,4.086222633333334,-0.2675951999999997,7.0,0.33333333333333304,96.6,0.940438871473348,92.1,1.880530973451311,58.43299169924787,6.903988590396604,97.81786846723713,8.081377817619062,96.44901625836482,9.103871986332447,,,,,2.36,1.2681600519438347,4.487434357182964,417.57180129490433,376.8604358617254,0.02464613333333343,3.0,2.5,3.6,2.7,6.666666666666667,6.416666666666667,6.25,4.353817833333333,4.2552332999999996,4.549238466666667,0.9493670886076,1.3903743315508033,0.6681514476614803,1.1261261261261257,2.118356522680487,20.43457367538908,19.412893546860175,,0.25,0.09858453333333372,-0.0697151000000007,,2.28,0,0
2008Q2,1.3,4.4,1.2,4.4,4.258564,0.17234136666666622,7.25,0.25,97.5,0.9316770186335477,93.0,0.9771986970684043,67.6292631777044,15.738149307482585,123.7990630865097,26.560785903829665,122.674999833107,27.191551134631343,,,,,3.38,0.4464263570121318,47.665058456326484,65.30866743110543,82.88048514352869,-0.08919839999999982,4.3,2.1,4.2,2.8,7.0,6.666666666666667,6.25,4.086222633333334,4.353817833333333,4.3249484,0.940438871473348,0.9493670886076,1.880530973451311,0.6681514476614803,6.903988590396604,8.081377817619062,9.103871986332447,,0.33333333333333304,-0.2675951999999997,0.09858453333333372,,2.36,0,0
2008Q3,1.1,5.0,1.2,4.8,4.1850008333333335,-0.07356316666666629,7.166666666666667,-0.08333333333333304,98.6,1.1282051282051286,94.8,1.9354838709677358,79.70235981049747,17.851882551299546,118.22109353542328,-4.5056637845381715,116.88921868801117,-4.716349014034716,,,,,2.45,3.536396742109735,247.68934362461457,705.4753478290766,739.380453107271,0.043085341666666555,4.4,1.8,4.4,2.9,7.25,7.0,6.416666666666667,4.258564,4.086222633333334,4.2552332999999996,0.9316770186335477,0.940438871473348,0.9771986970684043,1.880530973451311,15.738149307482585,26.560785903829665,27.191551134631343,,0.25,0.17234136666666622,-0.2675951999999997,,3.38,0,0
2008Q4,0.0,3.7,0.7,4.3,4.441033366666667,0.2560325333333333,5.166666666666667,-2.0,99.8,1.2170385395537497,96.1,1.371308016877637,91.58578176118597,14.90974919556065,59.07749950885773,-50.02795377530831,57.718196681288426,-50.62145394662618,,,,,1.94,0.9549172935521871,318.6897106253932,20.30100613929884,22.243948022186235,0.006130263888888836,5.0,3.0,4.8,3.6,7.166666666666667,7.25,6.666666666666667,4.1850008333333335,4.258564,4.353817833333333,1.1282051282051286,0.9316770186335477,1.9354838709677358,0.9771986970684043,17.851882551299546,-4.5056637845381715,-4.716349014034716,,-0.08333333333333304,-0.07356316666666629,0.17234136666666622,,2.45,0,0
2009Q1,-0.1,2.3,0.9,4.1,5.307357366666667,0.8663240000000005,3.5833333333333335,-1.5833333333333335,100.5,0.7014028056112176,95.8,-0.3121748178980255,80.3878528673406,-12.226711044564176,43.30721307973393,-26.694234793670134,46.25084744469594,-19.86782314061809,,,,,0.42,3.7460978147762507,222.30062107452144,2502.7961589443853,2562.5315996703957,-0.5120650666666666,3.7,4.3,4.3,4.2,5.166666666666667,7.166666666666667,7.0,4.441033366666667,4.1850008333333335,4.086222633333334,1.2170385395537497,1.1282051282051286,1.371308016877637,1.9354838709677358,14.90974919556065,-50.02795377530831,-50.62145394662618,,-2.0,0.2560325333333333,-0.07356316666666629,,1.94,0,0
2009Q2,0.5,1.5,0.7,3.6,5.729036,0.42167863333333244,3.0,-0.5833333333333335,101.1,0.5970149253731183,95.0,-0.8350730688935215,60.49865642552283,-24.741544564748796,59.785555763850134,38.049880175336014,62.10439994812012,34.27732329095359,,,,,0.85,1.8804856771528777,149.4924629672676,712.5821712195892,394.7303963468796,-1.3716796666666677,2.3,4.4,4.1,4.4,3.5833333333333335,5.166666666666667,7.25,5.307357366666667,4.441033366666667,4.258564,0.7014028056112176,1.2170385395537497,-0.3121748178980255,1.371308016877637,-12.226711044564176,-26.694234793670134,-19.86782314061809,,-1.5833333333333335,0.8663240000000005,0.2560325333333333,,0.42,0,0
2009Q3,0.8,1.2,0.7,3.1,5.683215466666667,-0.045820533333333024,3.0,0.0,102.0,0.8902077151335286,95.1,0.10526315789474161,56.24553307545983,-7.030112074139739,68.23734402656555,14.136839834858339,69.08806499358147,11.24504069163419,,,,,0.92,0.09745311692966536,612.1440274494507,1447.7933813574286,1174.9348919925494,-0.24597920277777732,1.5,5.0,3.6,4.8,3.0,3.5833333333333335,7.166666666666667,5.729036,5.307357366666667,4.1850008333333335,0.5970149253731183,0.7014028056112176,-0.8350730688935215,-0.3121748178980255,-24.741544564748796,38.049880175336014,34.27732329095359,,-0.5833333333333335,0.42167863333333244,0.8663240000000005,,0.85,0,0
2009Q4,0.9,2.1,0.8,3.2,5.5578408999999995,-0.12537456666666724,3.5,0.5,102.7,0.6862745098039191,94.7,-0.4206098843322681,55.30653332370014,-1.6694654675952991,76.12953162193298,11.565789536437588,75.53872983417814,9.336872933401686,,,,,1.12,0.6973470303912441,49.42247577496534,199.85024051643754,126.45094015650872,-0.0,1.2,3.7,3.1,4.3,3.0,3.0,5.166666666666667,5.683215466666667,5.729036,4.441033366666667,0.8902077151335286,0.5970149253731183,0.10526315789474161,-0.8350730688935215,-7.030112074139739,14.136839834858339,11.24504069163419,,0.0,-0.045820533333333024,0.42167863333333244,,0.92,0,0
2010Q1,0.7,2.9,0.8,3.1,5.3289932,-0.22884769999999932,3.8333333333333335,0.3333333333333335,103.6,0.8763388510223846,95.6,0.9503695881731611,59.44420379685827,7.481341216852311,78.88393452128426,3.6180478727097842,77.45688504078349,2.5393003176199302,0.8988999999999999,,,,1.19,0.011080332409973304,2.787114947493191,133.7674876011692,87.17719617448901,-0.06268728333333362,2.1,2.3,3.2,4.1,3.5,3.0,3.5833333333333335,5.5578408999999995,5.683215466666667,5.307357366666667,0.6862745098039191,0.8902077151335286,-0.4206098843322681,0.10526315789474161,-1.6694654675952991,11.565789536437588,9.336872933401686,,0.5,-0.12537456666666724,-0.045820533333333024,,1.12,0,0
2010Q2,0.6,3.0,0.4,2.8,5.290939833333333,-0.038053366666667365,4.416666666666667,0.5833333333333335,104.2,0.5791505791505891,95.9,0.313807531380772,72.53407452200547,22.02043242076197,78.05285753522601,-1.0535440341581936,79.34725779871786,2.44054838629133,0.8771,-2.425186338858598,,,2.1,0.17691267479800393,55.970466402973216,13.090270409219794,6.448046103064678,-0.07628256666666647,2.9,1.5,3.1,3.6,3.8333333333333335,3.5,3.0,5.3289932,5.5578408999999995,5.729036,0.8763388510223846,0.6862745098039191,0.9503695881731611,-0.4206098843322681,7.481341216852311,3.6180478727097842,2.5393003176199302,,0.3333333333333335,-0.22884769999999932,-0.12537456666666724,,1.19,0,0
2010Q3,0.6,2.9,0.6,2.6,5.124916533333333,-0.16602329999999998,4.5,0.08333333333333304,105.7,1.4395393474088358,97.2,1.3555787278414888,76.43244196019447,5.374532540573473,76.20671832561493,-2.3652423087494268,77.06380934942337,-2.877791259134599,0.9190333333333333,4.7809067761182655,,,1.16,0.9032023541244238,484.8994439973449,1.109955031910321,5.956276425829216,-0.022197797222222634,3.0,1.2,2.8,3.1,4.416666666666667,3.8333333333333335,3.0,5.290939833333333,5.3289932,5.683215466666667,0.5791505791505891,0.8763388510223846,0.313807531380772,0.9503695881731611,22.02043242076197,-1.0535440341581936,2.44054838629133,-2.425186338858598,0.5833333333333335,-0.038053366666667365,-0.22884769999999932,,2.1,0,0
2010Q4,0.6,2.6,0.4,2.2,5.090326233333333,-0.03459029999999963,4.666666666666667,0.16666666666666696,106.6,0.8514664143803197,97.3,0.10288065843619965,72.58265588346806,-5.036848199526778,85.23765623569489,11.850579723814757,87.37124943733215,13.375201894280497,0.9847333333333333,7.148815784701323,,,1.31,0.0984751667512942,28.885600029683154,5.594371179098319,8.2816825311515,-0.013835274999999949,2.9,2.1,2.6,3.2,4.5,4.416666666666667,3.5,5.124916533333333,5.290939833333333,5.5578408999999995,1.4395393474088358,0.5791505791505891,1.3555787278414888,0.313807531380772,5.374532540573473,-2.3652423087494268,-2.877791259134599,4.7809067761182655,0.08333333333333304,-0.16602329999999998,-0.038053366666667365,,1.16,0,0
2011Q1,1.4,3.4,0.8,2.2,4.9672569,-0.12306933333333347,4.75,0.08333333333333304,107.6,0.9380863039399667,98.4,1.1305241521069043,79.44246984735427,9.451037414364794,94.60096789944556,10.98494735455855,105.60216649373372,20.866036795637054,1.0140333333333333,2.975424818901895,,,1.34,1.8375936873763492,25.36983978507615,140.43623979048945,178.8960257127646,-0.005765049999999949,2.6,2.9,2.2,3.1,4.666666666666667,4.5,3.8333333333333335,5.090326233333333,5.124916533333333,5.3289932,0.8514664143803197,1.4395393474088358,0.10288065843619965,1.3555787278414888,-5.036848199526778,11.850579723814757,13.375201894280497,7.148815784701323,0.16666666666666696,-0.03459029999999963,-0.16602329999999998,,1.31,0,0
2011Q2,0.9,3.7,0.8,2.7,4.9632171666666665,-0.004039733333333295,4.75,0.0,108.2,0.5576208178438735,99.2,0.8130081300812941,83.65640273790883,5.304383031710214,102.343016124907,8.183899591482735,116.9129032011955,10.710705171122559,1.0782666666666667,6.334440024982735,,,2.02,0.010584429880265978,89.32210820772318,120.66906838242288,435.3914915568795,-0.010255777777777753,3.4,3.0,2.2,2.8,4.75,4.666666666666667,4.416666666666667,4.9672569,5.090326233333333,5.290939833333333,0.9380863039399667,0.8514664143803197,1.1305241521069043,0.10288065843619965,9.451037414364794,10.98494735455855,20.866036795637054,2.975424818901895,0.08333333333333304,-0.12306933333333347,-0.03459029999999963,,1.34,0,0
2011Q3,0.4,3.4,0.4,2.5,5.194893633333333,0.23167646666666641,4.75,0.0,109.5,1.201478743068396,99.8,0.6048387096774244,84.84749007048573,1.4237850225385706,89.5384372472763,-12.51143396243377,112.12258608587857,-4.09733826134937,1.0475333333333332,-2.8502534932608015,,,1.04,1.2780848584970348,28.136479347095236,66.97621252347128,114.71920526271153,-0.0,3.7,2.9,2.7,2.6,4.75,4.75,4.5,4.9632171666666665,4.9672569,5.124916533333333,0.5576208178438735,0.9380863039399667,0.8130081300812941,1.1305241521069043,5.304383031710214,8.183899591482735,10.710705171122559,6.334440024982735,0.0,-0.004039733333333295,-0.12306933333333347,,2.02,0,0
2011Q4,0.2,3.0,0.6,2.7,5.2052778,0.010384166666667305,4.5,-0.25,110.5,0.9132420091324311,100.1,0.30060120240480437,79.55893016625241,-6.233018678383928,94.05555519225105,5.044892544304647,109.15999972025553,-2.64227437936001,1.0228666666666666,-2.354738114936672,,,1.21,0.6609822195782825,2.027163790405158,156.5359797963412,16.78818082791748,0.0,3.4,2.6,2.5,2.2,4.75,4.75,4.666666666666667,5.194893633333333,4.9632171666666665,5.090326233333333,1.201478743068396,0.5576208178438735,0.6048387096774244,0.8130081300812941,1.4237850225385706,-12.51143396243377,-4.09733826134937,-2.8502534932608015,0.0,0.23167646666666641,-0.004039733333333295,,1.04,0,0
2012Q1,0.0,1.5,0.4,2.3,5.140940400000001,-0.06433739999999943,4.25,-0.25,111.4,0.8144796380090469,99.8,-0.29970029970030065,73.75192305449544,-7.299001004189232,103.03435417913622,9.546271848092713,118.5401616250315,8.593039509723832,1.0618333333333334,3.809554845858054,,,0.98,0.36582986472425166,38.85052184508293,25.45094078358061,6.981613895822327,-0.0025960416666668262,3.0,3.4,2.7,2.2,4.5,4.75,4.75,5.2052778,5.194893633333333,4.9672569,0.9132420091324311,1.201478743068396,0.30060120240480437,0.6048387096774244,-6.233018678383928,5.044892544304647,-2.64227437936001,-2.354738114936672,-0.25,0.010384166666667305,0.23167646666666641,,1.21,0,0
2012Q2,0.6,1.2,0.5,2.0,5.1192635,-0.021676900000000998,3.8333333333333335,-0.4166666666666665,112.2,0.7181328545780907,100.3,0.5010020040080221,74.34587777281537,0.8053413303963142,93.35206386021206,-9.397147578651744,108.78936549595424,-8.22573210244234,1.0123666666666666,-4.658609323497109,,,1.99,0.09036108288721416,53.27541565915541,91.13130619768746,73.8403280156748,0.01608434999999986,1.5,3.7,2.3,2.7,4.25,4.5,4.75,5.140940400000001,5.2052778,4.9632171666666665,0.8144796380090469,0.9132420091324311,-0.29970029970030065,0.30060120240480437,-7.299001004189232,9.546271848092713,8.593039509723832,3.809554845858054,-0.25,-0.06433739999999943,0.010384166666667305,,0.98,0,0
2012Q3,1.1,1.9,0.7,2.3,5.2759066,0.15664310000000015,3.5,-0.3333333333333335,113.5,1.158645276292325,100.9,0.5982053838484713,67.71482493507803,-8.919193688183203,92.20428624228826,-1.2295149892374124,109.28196728815797,0.45280325880938666,1.0430333333333335,3.029205492081277,44039.200000000004,,0.78,0.08982026964045003,0.6485746584445052,88.30638261496033,67.66266862115047,0.009032041666667079,1.2,3.4,2.0,2.5,3.8333333333333335,4.25,4.75,5.1192635,5.140940400000001,5.194893633333333,0.7181328545780907,0.8144796380090469,0.5010020040080221,-0.29970029970030065,0.8053413303963142,-9.397147578651744,-8.22573210244234,-4.658609323497109,-0.4166666666666665,-0.021676900000000998,-0.06433739999999943,,1.99,0,0
2012Q4,0.4,2.1,0.5,2.2,5.366588366666666,0.09068176666666616,3.1666666666666665,-0.3333333333333335,114.3,0.7048458149779613,101.1,0.1982160555004775,63.467226624956,-6.272774557409599,88.30967724707818,-4.223891484801568,110.13140387284129,0.7772888846734327,1.0397666666666667,-0.3131890959061745,44141.13333333333,0.23146045644182323,0.65,0.25100300802005415,79.55201604732709,1.5117071087594744,0.2050307911884004,-0.05221436666666674,1.9,3.0,2.3,2.7,3.5,3.8333333333333335,4.5,5.2759066,5.1192635,5.2052778,1.158645276292325,0.7181328545780907,0.5982053838484713,0.5010020040080221,-8.919193688183203,-1.2295149892374124,0.45280325880938666,3.029205492081277,-0.3333333333333335,0.15664310000000015,-0.021676900000000998,,0.78,0,0
2013Q1,0.4,2.5,0.5,2.3,5.474768766666667,0.10818040000000106,3.0,-0.16666666666666652,115.0,0.6124234470691103,101.4,0.29673590504453173,68.18967464497906,7.440766315391745,94.36083285013835,6.8521998853306565,112.61169498249636,2.2521197609710164,1.0365,-0.314173051646216,44772.200000000004,1.429656692095227,0.72,0.3578496812652969,39.347700648085194,17.841259275379194,0.604178010236869,-0.030227255555555402,2.1,1.5,2.2,2.3,3.1666666666666665,3.5,4.25,5.366588366666666,5.2759066,5.140940400000001,0.7048458149779613,1.158645276292325,0.1982160555004775,0.5982053838484713,-6.272774557409599,-4.223891484801568,0.7772888846734327,-0.3131890959061745,-0.3333333333333335,0.09068176666666616,0.15664310000000015,0.23146045644182323,0.65,0,0
2013Q2,0.5,2.4,0.6,2.4,5.6312682999999994,0.15649953333333233,2.8333333333333335,-0.16666666666666652,115.5,0.43478260869564966,101.5,0.09861932938854956,67.75152750583923,-0.6425417651880427,94.17328131198883,-0.1987599435958609,103.31619105263361,-8.254474751763198,0.9763999999999999,-5.798359864930058,44949.6,0.3962280164923726,1.51,0.03928960465816837,55.36500336026844,46.95264326852546,5.072043417756148,-0.018030066666666827,2.5,1.2,2.3,2.0,3.0,3.1666666666666665,3.8333333333333335,5.474768766666667,5.366588366666666,5.1192635,0.6124234470691103,0.7048458149779613,0.29673590504453173,0.1982160555004775,7.440766315391745,6.8521998853306565,2.2521197609710164,-0.314173051646216,-0.16666666666666652,0.10818040000000106,0.09068176666666616,1.429656692095227,0.72,0,0
2013Q3,1.0,2.3,0.7,2.4,5.7286164,0.09734810000000049,2.5833333333333335,-0.25,116.6,0.952380952380949,102.8,1.2807881773398977,70.3063121193082,3.7708147808900305,105.81156253814697,12.358368598840052,109.6973336537679,6.176323900562175,0.9097666666666666,-6.824388911648227,45472.1,1.1624130136864474,1.13,0.08805219734259735,0.41285992001096583,0.03950551517822981,68.1363534274961,-0.026083255555555365,2.4,1.9,2.4,2.3,2.8333333333333335,3.0,3.5,5.6312682999999994,5.474768766666667,5.2759066,0.43478260869564966,0.6124234470691103,0.09861932938854956,0.29673590504453173,-0.6425417651880427,-0.1987599435958609,-8.254474751763198,-5.798359864930058,-0.16666666666666652,0.15649953333333233,0.10818040000000106,0.3962280164923726,1.51,0,0
2013Q4,0.8,2.6,0.8,2.7,5.840081433333334,0.11146503333333424,2.5,-0.08333333333333348,117.2,0.5145797598627766,103.0,0.1945525291828787,69.76607658202033,-0.768402609954999,97.61124980449677,-7.749921215551325,109.39065614293833,-0.2795669690546232,0.9175,0.8500348074597985,45786.833333333336,0.6921460265378876,1.36,0.009725772129047235,14.219044111778729,152.72927442479582,38.14697692465556,-0.024337025000000123,2.3,2.1,2.4,2.2,2.5833333333333335,2.8333333333333335,3.1666666666666665,5.7286164,5.6312682999999994,5.366588366666666,0.952380952380949,0.43478260869564966,1.2807881773398977,0.09861932938854956,3.7708147808900305,12.358368598840052,6.176323900562175,-6.824388911648227,-0.25,0.09734810000000049,0.15649953333333233,1.1624130136864474,1.13,0,0
2014Q1,0.7,2.9,0.5,2.7,5.899570700000001,0.05948926666666665,2.5,0.0,118.0,0.682593856655278,103.9,0.8737864077669855,70.26446926273147,0.7143768219862512,98.61491794273502,1.028229983991058,107.8933896856793,-1.3687334092800318,0.8977,-2.158038147138952,46486.666666666664,1.5284597828342017,1.12,1.6404183552136573,0.5904425709856543,60.061278847252524,0.07815769018638864,-0.00928875277777787,2.6,2.5,2.7,2.3,2.5,2.5833333333333335,3.0,5.840081433333334,5.7286164,5.474768766666667,0.5145797598627766,0.952380952380949,0.1945525291828787,1.2807881773398977,-0.768402609954999,-7.749921215551325,-0.2795669690546232,0.8500348074597985,-0.08333333333333348,0.11146503333333424,0.09734810000000049,0.6921460265378876,1.36,0,0
2014Q2,0.7,3.1,0.7,2.8,5.927679333333333,0.028108633333332023,2.5,0.0,118.5,0.4237288135593209,103.8,-0.09624639076035724,62.19378941125097,-11.486146463730872,102.9920637342665,4.4386243814280135,109.7506351773701,1.7213709728663096,0.9342,4.065946307229584,46772.46666666667,0.6147999426358908,1.5,0.03785068661145486,0.510334243791176,1.0572568999782515,1.873431145679339,0.0,2.9,2.4,2.7,2.4,2.5,2.5,2.8333333333333335,5.899570700000001,5.840081433333334,5.6312682999999994,0.682593856655278,0.5145797598627766,0.8737864077669855,0.1945525291828787,0.7143768219862512,1.028229983991058,-1.3687334092800318,-2.158038147138952,0.0,0.05948926666666665,0.11146503333333424,1.5284597828342017,1.12,0,0
2014Q3,0.2,2.3,0.4,2.4,6.169539133333333,0.2418598000000003,2.5,0.0,119.5,0.8438818565400741,104.0,0.19267822736031004,58.3650618517793,-6.156125226836629,97.2490621805191,-5.5761593131730125,103.26171827316284,-5.912418542016084,0.9141666666666666,-2.14443730821382,47220.666666666664,0.9582560680286178,0.75,0.7635026863983326,131.93156058627721,19.701386399407216,2.963118026226705,0.0,3.1,2.3,2.8,2.4,2.5,2.5,2.5833333333333335,5.927679333333333,5.899570700000001,5.7286164,0.4237288135593209,0.682593856655278,-0.09624639076035724,0.8737864077669855,-11.486146463730872,4.4386243814280135,1.7213709728663096,4.065946307229584,0.0,0.028108633333332023,0.05948926666666665,0.6147999426358908,1.5,0,0
2014Q4,0.2,1.7,0.6,2.2,6.253391966666666,0.08385283333333327,2.5,0.0,120.2,0.585774058577404,104.1,0.09615384615384581,57.58922921905957,-1.3292757826420143,73.19624960422516,-24.73320774204052,77.06765615940094,-25.366672714538385,0.8499333333333333,-7.026435733819502,47501.96666666667,0.5957137411585434,1.22,0.00926336773439538,37.897877808494336,31.093552685886124,34.956693015975596,0.0,2.3,2.6,2.4,2.7,2.5,2.5,2.5,6.169539133333333,5.927679333333333,5.840081433333334,0.8438818565400741,0.4237288135593209,0.19267822736031004,-0.09624639076035724,-6.156125226836629,-5.5761593131730125,-5.912418542016084,-2.14443730821382,0.0,0.2418598000000003,0.028108633333332023,0.9582560680286178,0.75,0,0
2015Q1,0.3,1.3,0.6,2.3,6.202812866666666,-0.05057910000000021,2.3333333333333335,-0.16666666666666652,120.7,0.4159733777038266,104.6,0.4803073967339033,57.25199611577053,-0.5855836375344814,48.57491784017594,-33.63742254169807,55.02524579157595,-28.60137633125125,0.7735666666666666,-8.98501843281826,48003.799999999996,1.056447487437362,1.37,0.03712489929871133,1.7669741063185396,611.7315652109331,643.4680846065062,0.0,1.7,2.9,2.2,2.7,2.5,2.5,2.5,6.253391966666666,6.169539133333333,5.899570700000001,0.585774058577404,0.8438818565400741,0.09615384615384581,0.19267822736031004,-1.3292757826420143,-24.73320774204052,-25.366672714538385,-7.026435733819502,0.0,0.08385283333333327,0.2418598000000003,0.5957137411585434,1.22,0,0
2015Q2,0.8,1.5,0.6,2.2,6.017128733333333,-0.185684133333333,2.0833333333333335,-0.25,121.2,0.41425020712511085,104.9,0.2868068833652204,52.38360962006197,-8.503435383919356,57.95015886094835,19.300580294586144,63.39333276900034,15.207723031571629,0.7774666666666666,0.5041582281208212,48530.9,1.098038071985985,1.42,0.00924556213017745,0.3429081965481149,1131.4761952487377,818.0387280418591,0.008429850000000027,1.3,3.1,2.3,2.8,2.3333333333333335,2.5,2.5,6.202812866666666,6.253391966666666,5.927679333333333,0.4159733777038266,0.585774058577404,0.4803073967339033,0.09615384615384581,-0.5855836375344814,-33.63742254169807,-28.60137633125125,-8.98501843281826,-0.16666666666666652,-0.05057910000000021,0.08385283333333327,1.056447487437362,1.37,0,0
2015Q3,0.1,1.4,0.3,2.1,6.178474766666667,0.16134603333333342,2.0,-0.08333333333333348,122.2,0.8250825082508184,105.8,0.8579599618684375,53.297509467699534,1.7446293874478602,46.49843764305115,-19.761328429445125,51.17796874046326,-19.269162063223245,0.7151,-8.021780140627676,49184.03333333333,1.34580923356733,0.91,0.2306951953572992,72.30841332849174,372.512399707767,231.27483980499417,0.04642103333333325,1.5,2.3,2.2,2.4,2.0833333333333335,2.3333333333333335,2.5,6.017128733333333,6.202812866666666,6.169539133333333,0.41425020712511085,0.4159733777038266,0.2868068833652204,0.4803073967339033,-8.503435383919356,19.300580294586144,15.207723031571629,0.5041582281208212,-0.25,-0.185684133333333,-0.05057910000000021,1.098038071985985,1.42,0,0
2015Q4,0.5,1.7,0.6,2.1,5.834532633333333,-0.3439421333333339,2.0,0.0,122.7,0.40916530278232166,106.1,0.2835538752362865,49.69206158023753,-6.764758660340508,42.156718730926514,-9.337343644649254,44.63843756914139,-12.778020175997074,0.7197999999999999,0.6572507341630507,49385.0,0.4086014363740009,0.92,0.08225818834567115,3.043731699546696,390.51010129639616,371.3006066187619,-0.013445502777777809,1.4,1.7,2.1,2.2,2.0,2.0833333333333335,2.5,6.178474766666667,6.017128733333333,6.253391966666666,0.8250825082508184,0.41425020712511085,0.8579599618684375,0.2868068833652204,1.7446293874478602,-19.761328429445125,-19.269162063223245,-8.021780140627676,-0.08333333333333348,0.16134603333333342,-0.185684133333333,1.34580923356733,0.91,0,0
2016Q1,-0.1,1.3,0.2,1.7,5.796395033333333,-0.03813759999999977,2.0,0.0,123.2,0.4074979625101838,105.9,-0.18850141376058893,47.94545481384804,-3.5148607460554926,33.6263934276143,-20.234794263184185,35.37196719060179,-20.758948751704352,0.7299000000000001,1.403167546540729,49484.833333333336,0.20215315041680615,0.82,0.7360952961692907,45.7619597326519,87.1859863382718,163.2777996181883,-0.0,1.7,1.3,2.1,2.3,2.0,2.0,2.3333333333333335,5.834532633333333,6.178474766666667,6.202812866666666,0.40916530278232166,0.8250825082508184,0.2835538752362865,0.8579599618684375,-6.764758660340508,-9.337343644649254,-12.778020175997074,0.6572507341630507,0.0,-0.3439421333333339,0.16134603333333342,0.4086014363740009,0.92,0,0
2016Q2,0.6,1.0,0.5,1.6,5.6874937,-0.10890133333333285,1.8333333333333333,-0.16666666666666674,123.7,0.40584415584414835,106.0,0.09442870632672129,49.4129599471012,3.0607805034926994,45.642499923706055,35.73415187078617,47.06296867132187,33.05160105380382,0.7441,1.9454719824633315,50434.86666666667,1.9198474953605382,1.04,0.08040280016151553,12.354246064161774,409.4468988733916,430.9339532758877,-0.0,1.3,1.5,1.7,2.2,2.0,2.0,2.0833333333333335,5.796395033333333,5.834532633333333,6.017128733333333,0.4074979625101838,0.40916530278232166,-0.18850141376058893,0.2835538752362865,-3.5148607460554926,-20.234794263184185,-20.758948751704352,1.403167546540729,0.0,-0.03813759999999977,-0.3439421333333339,0.20215315041680615,0.82,0,0
2016Q3,0.5,1.4,0.3,1.6,5.6576064666666666,-0.02988723333333354,1.5833333333333333,-0.25,124.6,0.7275666936135794,106.3,0.2830188679245227,51.44055568669427,4.103368310183608,44.93921881914139,-1.5408470301588206,46.95078104734421,-0.23837770362756805,0.7555333333333333,1.5365318281592932,50540.200000000004,0.2088502266289316,0.8,0.03553278298974075,9.368377290561023,1276.929609924411,1092.408332219806,0.01815022222222215,1.0,1.4,1.6,2.1,1.8333333333333333,2.0,2.0,5.6874937,5.796395033333333,6.178474766666667,0.40584415584414835,0.4074979625101838,0.09442870632672129,-0.18850141376058893,3.0607805034926994,35.73415187078617,33.05160105380382,1.9454719824633315,-0.16666666666666674,-0.10890133333333285,-0.03813759999999977,1.9198474953605382,1.04,0,0
2016Q4,0.5,1.4,0.4,1.5,5.733405633333334,0.07579916666666708,1.5,-0.08333333333333326,125.1,0.40128410914928025,106.8,0.470366886171214,61.734461439824535,20.011264683505182,49.352623110911885,9.82083001827938,51.07295095725138,8.7797685532653,0.7441,-1.5132798023471228,51053.73333333334,1.0160888428089487,1.06,0.008916780578538173,16.83763148901908,2.3742095703492576,0.05682392958675267,0.007471808333333385,1.4,1.7,1.6,2.1,1.5833333333333333,1.8333333333333333,2.0,5.6576064666666666,5.6874937,5.834532633333333,0.7275666936135794,0.40584415584414835,0.2830188679245227,0.09442870632672129,4.103368310183608,-1.5408470301588206,-0.23837770362756805,1.5365318281592932,-0.25,-0.02988723333333354,-0.10890133333333285,0.2088502266289316,0.8,0,0
2017Q1,0.6,2.1,0.5,1.7,5.807673066666666,0.07426743333333263,1.5,0.0,125.6,0.3996802557953538,107.3,0.46816479400748623,66.73443339674729,8.09915862276771,51.78145168673608,4.9213768645403055,54.49645165474184,6.70315819494347,0.7633000000000001,2.580298346996379,51499.26666666666,0.872675325082306,1.09,0.08009967960127842,400.45071423330177,96.44870224793738,77.08433584890625,-0.006316597222222251,1.4,1.3,1.5,1.7,1.5,1.5833333333333333,2.0,5.733405633333334,5.6576064666666666,5.796395033333333,0.40128410914928025,0.7275666936135794,0.470366886171214,0.2830188679245227,20.011264683505182,9.82083001827938,8.7797685532653,-1.5132798023471228,-0.08333333333333326,0.07579916666666708,-0.02988723333333354,1.0160888428089487,1.06,0,0
2017Q2,0.4,1.9,0.5,1.7,5.593200266666667,-0.21447279999999935,1.5,0.0,126.1,0.398089171974525,107.8,0.4659832246039164,61.86596429461861,-7.295287986015897,48.149365500798304,-7.014261029047475,50.763968331473215,-6.84903917582651,0.7539000000000001,-1.2314948251015312,51960.1,0.8948347484559749,1.64,0.2212450076064038,65.59637039675256,24.219950242832567,44.932329786437805,0.0,2.1,1.0,1.7,1.6,1.5,1.5,1.8333333333333333,5.807673066666666,5.733405633333334,5.6874937,0.3996802557953538,0.40128410914928025,0.46816479400748623,0.470366886171214,8.09915862276771,4.9213768645403055,6.70315819494347,2.580298346996379,0.0,0.07426743333333263,0.07579916666666708,0.872675325082306,1.09,0,0
2017Q3,0.4,1.8,0.4,1.7,5.532623233333333,-0.06057703333333375,1.5,0.0,127.1,0.7930214115781098,108.0,0.18552875695732052,60.22305784916514,-2.655590136168584,48.19634912884425,0.09757891419184261,52.21285726153661,2.8541679811211695,0.7908,4.894548348587313,52061.833333333336,0.1957912577792209,0.82,0.21917827434807202,53.22122679890788,49.19985778361414,46.909337632006284,-0.0,1.9,1.4,1.7,1.6,1.5,1.5,1.5833333333333333,5.593200266666667,5.807673066666666,5.6576064666666666,0.398089171974525,0.3996802557953538,0.4659832246039164,0.46816479400748623,-7.295287986015897,-7.014261029047475,-6.84903917582651,-1.2314948251015312,0.0,-0.21447279999999935,0.07426743333333263,0.8948347484559749,1.64,0,0
2017Q4,0.7,2.1,0.4,1.7,5.491421833333334,-0.04120139999999939,1.5,0.0,127.7,0.4720692368214152,108.6,0.5555555555555536,62.0984077019723,3.1140063619887304,55.30063514103965,14.740299090297015,61.42714285472083,17.647541384355648,0.7686000000000001,-2.8072837632776793,53208.93333333333,2.203341539387438,1.16,0.217140365612264,7.052158971315879,0.009521644494858985,8.146274864457293,-0.0,1.8,1.4,1.7,1.5,1.5,1.5,1.5,5.532623233333333,5.593200266666667,5.733405633333334,0.7930214115781098,0.398089171974525,0.18552875695732052,0.4659832246039164,-2.655590136168584,0.09757891419184261,2.8541679811211695,4.894548348587313,0.0,-0.06057703333333375,-0.21447279999999935,0.1957912577792209,0.82,0,0
2018Q1,0.5,2.0,0.5,1.7,5.545387633333334,0.053965800000000286,1.5,0.0,128.2,0.3915426781519127,109.1,0.4604051565377576,67.24009958597306,8.279909379765705,62.894098500736426,13.73124077206398,67.22672102881259,9.441393339436521,0.7843333333333332,2.047011883077432,53655.73333333334,0.8397086203570048,1.41,0.034420919658128504,9.697035622506288,217.276417271411,311.4357169125453,-0.0,2.1,2.1,1.7,1.7,1.5,1.5,1.5,5.491421833333334,5.532623233333333,5.807673066666666,0.4720692368214152,0.7930214115781098,0.5555555555555536,0.18552875695732052,3.1140063619887304,14.740299090297015,17.647541384355648,-2.8072837632776793,0.0,-0.04120139999999939,-0.06057703333333375,2.203341539387438,1.16,0,0
2018Q2,0.4,2.1,0.4,1.6,5.441253533333334,-0.10413410000000045,1.5,0.0,128.7,0.3900156006240163,109.4,0.2749770852429112,68.0219650401973,1.162796395363097,67.90999948978424,7.9751536449625515,75.00734388828278,11.573705723555229,0.7508333333333334,-4.2711432214194485,54841.73333333334,2.2103882033109867,1.97,0.3086419753086398,68.55689933713211,188.54697314039223,89.1399081899563,0.0,2.0,1.9,1.7,1.7,1.5,1.5,1.5,5.545387633333334,5.491421833333334,5.593200266666667,0.3915426781519127,0.4720692368214152,0.4604051565377576,0.5555555555555536,8.279909379765705,13.73124077206398,9.441393339436521,2.047011883077432,0.0,0.053965800000000286,-0.04120139999999939,0.8397086203570048,1.41,0,0
2018Q3,0.3,2.0,0.4,1.7,5.1852937,-0.2559598333333337,1.5,0.0,130.0,1.0101010101010166,110.3,0.8226691042047429,71.74265566115623,5.469837013323864,69.43285757397848,2.2424651680689855,75.79301573738219,1.0474598997527673,0.7304333333333334,-2.716981132075469,55127.166666666664,0.5204673812886806,1.13,0.2119729081665571,1.352095457069412,63.60307566075947,133.95066417545505,-0.0,2.1,1.8,1.6,1.7,1.5,1.5,1.5,5.441253533333334,5.545387633333334,5.532623233333333,0.3900156006240163,0.3915426781519127,0.2749770852429112,0.4604051565377576,1.162796395363097,7.9751536449625515,11.573705723555229,-4.2711432214194485,0.0,-0.10413410000000045,0.053965800000000286,2.2103882033109867,1.97,0,0
2018Q4,0.4,1.7,0.5,1.8,5.042751866666666,-0.14254183333333348,1.5,0.0,130.6,0.4615384615384466,110.8,0.453309156844961,75.01152430448839,4.556380877188548,59.44063501509409,-14.391201670243802,68.84603227887835,-9.165730365677327,0.7153,-2.071829507598233,55791.96666666667,1.2059389955950461,1.28,0.07561239740868725,29.919116952327727,5.028650030002663,1.0971722415900773,-0.0,2.0,2.1,1.7,1.7,1.5,1.5,1.5,5.1852937,5.441253533333334,5.491421833333334,1.0101010101010166,0.3900156006240163,0.8226691042047429,0.2749770852429112,5.469837013323864,2.2424651680689855,1.0474598997527673,-2.716981132075469,0.0,-0.2559598333333337,-0.10413410000000045,0.5204673812886806,1.13,0,0
2019Q1,0.1,1.2,0.3,1.6,5.0437186333333335,0.0009667666666670627,1.5,0.0,131.2,0.45941807044409533,111.2,0.3610108303249149,78.63018402523473,4.824138363136576,54.897049075267354,-7.643905450661748,63.793278803590866,-7.339207951476457,0.7167,0.19572207465399227,55544.6,-0.44337326938944654,1.01,0.6767844550130342,20.760606698009486,207.106685513628,84.01061313629941,-0.0,1.7,2.0,1.8,1.7,1.5,1.5,1.5,5.042751866666666,5.1852937,5.545387633333334,0.4615384615384466,1.0101010101010166,0.453309156844961,0.8226691042047429,4.556380877188548,-14.391201670243802,-9.165730365677327,-2.071829507598233,0.0,-0.14254183333333348,-0.2559598333333337,1.2059389955950461,1.28,0,0
2019Q2,0.7,1.5,0.4,1.5,5.225507400000001,0.1817887666666671,1.4166666666666667,-0.08333333333333326,131.8,0.45731707317075987,111.6,0.3597122302158251,80.6623982769419,2.5845218053349273,59.91206359863281,9.13530801353193,68.44158766004774,7.286518178142654,0.6989333333333333,-2.4789544672340846,54856.833333333336,-1.2382241778078562,1.72,0.20548919167948942,23.272310946686048,58.42929053865638,53.86397335501525,0.0,1.2,2.1,1.6,1.6,1.5,1.5,1.5,5.0437186333333335,5.042751866666666,5.441253533333334,0.45941807044409533,0.4615384615384466,0.3610108303249149,0.453309156844961,4.824138363136576,-7.643905450661748,-7.339207951476457,0.19572207465399227,0.0,0.0009667666666670627,-0.14254183333333348,-0.44337326938944654,1.01,0,0
2019Q3,0.4,1.7,0.4,1.5,5.252756266666666,0.027248866666665705,1.0,-0.41666666666666674,132.9,0.834597875569032,112.1,0.44802867383513245,81.76807896576197,1.3707510716751692,56.43640619516373,-5.801264711483578,62.063281297683716,-9.319343078429664,0.6787000000000001,-2.894887447539085,55029.36666666666,0.31451566349982585,0.98,0.13032881961188447,6.679752962251712,83.45385250210069,53.09334716040333,-0.015149063888888911,1.5,2.0,1.5,1.7,1.4166666666666667,1.5,1.5,5.225507400000001,5.0437186333333335,5.1852937,0.45731707317075987,0.45941807044409533,0.3597122302158251,0.3610108303249149,2.5845218053349273,9.13530801353193,7.286518178142654,-2.4789544672340846,-0.08333333333333326,0.1817887666666671,0.0009667666666670627,-1.2382241778078562,1.72,0,0
2019Q4,0.6,1.8,0.4,1.5,5.171337833333333,-0.08141843333333298,0.75,-0.25,133.5,0.4514672686230181,112.4,0.267618198037467,75.6869580080406,-7.437035374486001,56.866093933582306,0.7613662303950886,62.39406198263168,0.5329732460670256,0.6903,1.709149845292468,54989.833333333336,-0.07184042944341495,1.08,0.12939288856684275,1.878958500498625,33.654672252704636,86.8501554134749,-0.011353694444444045,1.7,1.7,1.5,1.8,1.0,1.4166666666666667,1.5,5.252756266666666,5.225507400000001,5.042751866666666,0.834597875569032,0.45731707317075987,0.44802867383513245,0.3597122302158251,1.3707510716751692,-5.801264711483578,-9.319343078429664,-2.894887447539085,-0.41666666666666674,0.027248866666665705,0.1817887666666671,0.31451566349982585,0.98,0,0
2020Q1,0.5,2.3,0.5,1.7,5.186909333333333,0.015571500000000071,0.5833333333333334,-0.16666666666666663,134.1,0.44943820224718767,112.6,0.177935943060481,78.38201991681277,3.5608009354608283,45.77741945943525,-19.499623953595712,50.47612910116872,-19.10106908054887,0.6474333333333333,-6.209860447148586,53867.700000000004,-2.040619629689122,0.71,0.2007296925784675,55.30949516135613,0.5796785367860271,0.2840604810232222,0.020354608333333246,1.8,1.2,1.5,1.6,0.75,1.0,1.5,5.171337833333333,5.252756266666666,5.0437186333333335,0.4514672686230181,0.834597875569032,0.267618198037467,0.44802867383513245,-7.437035374486001,0.7613662303950886,0.5329732460670256,1.709149845292468,-0.25,-0.08141843333333298,0.027248866666665705,-0.07184042944341495,1.08,0,0
2020Q2,-1.9,-0.3,0.0,1.3,6.9056799,1.7187705666666666,0.25,-0.33333333333333337,134.1,0.0,111.2,-1.243339253996445,75.67114165626298,-3.4585460586839423,28.00206340305389,-38.82996522364621,33.35523820301843,-33.91878736151715,0.6696,3.423775935746276,47845.53333333333,-11.179550392288274,0.24,0.07161949992082091,12.67930330197871,380.2353343316437,364.8508400199001,-0.002595250000000011,2.3,1.5,1.7,1.5,0.5833333333333334,0.75,1.4166666666666667,5.186909333333333,5.171337833333333,5.225507400000001,0.44943820224718767,0.4514672686230181,0.177935943060481,0.267618198037467,3.5608009354608283,-19.499623953595712,-19.10106908054887,-6.209860447148586,-0.16666666666666663,0.015571500000000071,-0.08141843333333298,-2.040619629689122,0.71,1,0
2020Q3,1.5,0.7,0.3,1.2,7.050215966666666,0.1445360666666664,0.25,0.0,134.7,0.4474272930648837,111.7,0.4496402877697925,71.13462783076577,-5.995038169378198,40.92406243085861,46.14659584834544,43.37406253814697,30.036734482747306,0.7225,7.900238948626059,52807.73333333334,10.37129206070091,0.19,0.031661199832822735,11.96154084003823,1507.7661992695741,1150.4841360758153,-0.5729235222222223,-0.3,1.7,1.3,1.5,0.25,0.5833333333333334,1.0,6.9056799,5.186909333333333,5.252756266666666,0.0,0.44943820224718767,-1.243339253996445,0.177935943060481,-3.4585460586839423,-38.82996522364621,-33.91878736151715,3.423775935746276,-0.33333333333333337,1.7187705666666666,0.015571500000000071,-11.179550392288274,0.24,0,1
2020Q4,0.8,0.9,0.5,1.3,6.7729957,-0.2772202666666663,0.15,-0.1,135.4,0.5196733481811489,112.3,0.5371530886302489,77.17586540193857,8.492681771731947,42.697343707084656,4.333101776545312,45.22046887874603,4.25693659424955,0.7379666666666665,2.14071510957321,54045.73333333334,2.3443536047750513,1.4,1.5458925005284363,35.94048265230149,2129.508308390533,902.2054183870611,0.0,0.7,1.8,1.2,1.5,0.25,0.25,0.75,7.050215966666666,6.9056799,5.171337833333333,0.4474272930648837,0.0,0.4496402877697925,-1.243339253996445,-5.995038169378198,46.14659584834544,30.036734482747306,7.900238948626059,0.0,0.1445360666666664,1.7187705666666666,10.37129206070091,0.19,0,0
2021Q1,0.6,0.9,0.3,1.1,5.932969166666666,-0.8400265333333339,0.10000000000000002,-0.049999999999999975,136.1,0.5169867060561106,112.8,0.44523597506678225,87.22983660218448,13.02735142376954,58.13639356269211,36.1592748287189,61.39606544619701,35.77051934340651,0.7692,4.232350151316688,54329.9,0.5257892698282696,1.51,0.2021763883857018,72.12564367590808,18.775771005900136,18.121509167460953,0.027722026666666635,0.9,2.3,1.3,1.7,0.15,0.25,0.5833333333333334,6.7729957,7.050215966666666,5.186909333333333,0.5196733481811489,0.4474272930648837,0.5371530886302489,0.4496402877697925,8.492681771731947,4.333101776545312,4.25693659424955,2.14071510957321,-0.1,-0.2772202666666663,0.1445360666666664,2.3443536047750513,1.4,0,0
2021Q2,0.8,3.8,0.5,1.6,5.2007346,-0.7322345666666665,0.10000000000000002,0.0,136.5,0.29390154298309934,113.6,0.7092198581560183,98.51808006841763,12.940805469708373,66.16952435932463,13.817731552215884,69.08015865749783,12.515611799317327,0.7673,-0.24700988039522143,55165.9,1.5387475404887496,2.84,0.288533440625016,169.71188511839026,1307.4931561388241,1279.5300540970195,0.04200132666666667,0.9,-0.3,1.1,1.3,0.10000000000000002,0.15,0.25,5.932969166666666,6.7729957,6.9056799,0.5169867060561106,0.5196733481811489,0.44523597506678225,0.5371530886302489,13.02735142376954,36.1592748287189,35.77051934340651,4.232350151316688,-0.049999999999999975,-0.8400265333333339,-0.2772202666666663,0.5257892698282696,1.51,0,0
2021Q3,0.8,3.0,0.8,2.1,4.664694133333334,-0.536040466666666,0.10000000000000002,0.0,137.7,0.879120879120876,114.9,1.1443661971830998,103.21992175276746,4.772567310573406,70.5176562666893,6.571200185379511,73.18218719959259,5.938070528229056,0.7307333333333333,-4.765628393935439,52460.13333333333,-4.904781154058336,2.08,0.19823507349366834,167.46444620483413,190.92970524910237,156.6405387112111,-0.0,3.8,0.7,1.6,1.2,0.10000000000000002,0.10000000000000002,0.25,5.2007346,5.932969166666666,7.050215966666666,0.29390154298309934,0.5169867060561106,0.7092198581560183,0.44523597506678225,12.940805469708373,13.817731552215884,12.515611799317327,-0.24700988039522143,0.0,-0.7322345666666665,-0.8400265333333339,1.5387475404887496,2.84,0,0
2021Q4,1.4,3.7,1.0,2.6,4.6930859,0.028391766666666207,0.10000000000000002,0.0,138.5,0.5809731299927456,116.4,1.305483028720622,102.27384406372789,-0.9165650128137193,77.10296905040741,9.338530422527436,79.67953097820282,8.878313189642405,0.7315333333333335,0.10947906212939174,58223.700000000004,10.986565036052776,3.39,0.5029928072028427,22.77739873395387,43.18067187633172,35.2606815982225,-0.0,3.0,0.9,2.1,1.3,0.10000000000000002,0.10000000000000002,0.15,4.664694133333334,5.2007346,6.7729957,0.879120879120876,0.29390154298309934,1.1443661971830998,0.7092198581560183,4.772567310573406,6.571200185379511,5.938070528229056,-4.765628393935439,0.0,-0.536040466666666,-0.7322345666666665,-4.904781154058336,2.08,0,0
2022Q1,2.1,5.2,1.5,3.8,4.0610144,-0.6320714999999995,0.10000000000000002,0.0,139.3,0.5776173285198638,118.3,1.632302405498276,120.27861589603934,17.604473555420963,95.00903209563225,23.22357136924058,98.12629059822329,23.151190015245927,0.7225,-1.2348491752483537,61392.799999999996,5.442972535239066,3.55,1.3095739932553094,0.8400914227142133,87.20815045247045,78.8244450933783,0.0,3.7,0.9,2.6,1.1,0.10000000000000002,0.10000000000000002,0.10000000000000002,4.6930859,4.664694133333334,5.932969166666666,0.5809731299927456,0.879120879120876,1.305483028720622,1.1443661971830998,-0.9165650128137193,9.338530422527436,8.878313189642405,0.10947906212939174,0.0,0.028391766666666207,-0.536040466666666,10.986565036052776,3.39,0,0
2022Q2,1.9,6.2,1.6,4.9,3.7994325,-0.26158190000000037,0.4333333333333333,0.33333333333333326,140.1,0.5743000717874924,120.0,1.4370245139475823,136.867417005622,13.791978720407695,108.52225777410692,14.223095826166077,111.78580659435642,13.920342767324012,0.7074666666666666,-2.0807381776240086,65356.93333333333,6.457000386581702,5.28,1.7042859382775686,309.917489163516,539.3342671422108,535.9775991220228,-0.0,5.2,3.8,3.8,1.6,0.10000000000000002,0.10000000000000002,0.10000000000000002,4.0610144,4.6930859,5.2007346,0.5776173285198638,0.5809731299927456,1.632302405498276,1.305483028720622,17.604473555420963,23.22357136924058,23.151190015245927,-1.2348491752483537,0.0,-0.6320714999999995,0.028391766666666207,5.442972535239066,3.55,0,0
2022Q3,1.7,7.3,1.8,6.0,3.5227551333333333,-0.27667736666666665,1.8500000000000003,1.416666666666667,142.1,1.4275517487508882,122.3,1.9166666666666554,132.5526761895927,-3.1524967084401667,91.43171870708466,-15.748418266966812,97.48374938964844,-12.794162014330379,0.6803666666666667,-3.8305691669807684,67864.16666666667,3.836216305538631,3.81,2.664411142995458,190.21867702417867,202.29645488030286,193.77594275978993,-0.08719396666666678,6.2,3.0,4.9,2.1,0.4333333333333333,0.10000000000000002,0.10000000000000002,3.7994325,4.0610144,4.664694133333334,0.5743000717874924,0.5776173285198638,1.4370245139475823,1.632302405498276,13.791978720407695,14.223095826166077,13.920342767324012,-2.0807381776240086,0.33333333333333326,-0.26158190000000037,-0.6320714999999995,6.457000386581702,5.28,0,0
2022Q4,1.9,7.8,1.7,6.8,3.4929186333333333,-0.029836500000000044,2.85,0.9999999999999998,143.2,0.7741027445461013,123.2,0.7358953393295176,132.72611045170734,0.13084176577966566,82.6449207124256,-9.610229490281041,88.68317461770678,-9.027735214374266,0.6631,-2.537847239233748,69441.3,2.3239559414025557,3.89,2.0650394536862855,9.938235496726085,248.01267791133398,163.69058164893437,-0.3919596027777778,7.3,3.7,6.0,2.6,1.8500000000000003,0.4333333333333333,0.10000000000000002,3.5227551333333333,3.7994325,4.6930859,1.4275517487508882,0.5743000717874924,1.9166666666666554,1.4370245139475823,-3.1524967084401667,-15.748418266966812,-12.794162014330379,-3.8305691669807684,1.416666666666667,-0.27667736666666665,-0.26158190000000037,3.836216305538631,3.81,0,0
2023Q1,1.4,7.1,1.2,6.5,3.6231456333333334,0.1302270000000001,3.35,0.5,144.3,0.7681564245810124,124.1,0.7305194805194759,127.36003562872067,-4.04296848956418,75.98709697108114,-8.05593820400805,82.03258046796245,-7.499273879643519,0.6826333333333334,2.945759815010307,70466.53333333334,1.4764028515211303,3.18,3.673611111111068,0.01711956767234089,92.3565108558674,81.50000310085316,-0.029836500000000037,7.8,5.2,6.8,3.8,2.85,1.8500000000000003,0.10000000000000002,3.4929186333333333,3.5227551333333333,4.0610144,0.7741027445461013,1.4275517487508882,0.7358953393295176,1.9166666666666554,0.13084176577966566,-9.610229490281041,-9.027735214374266,-2.537847239233748,0.9999999999999998,-0.029836500000000044,-0.27667736666666665,2.3239559414025557,3.89,0,0
2023Q2,0.8,6.0,0.9,5.8,3.6039779000000003,-0.019167733333333103,3.85,0.5,145.2,0.6237006237006071,124.7,0.483481063658342,112.07132751365867,-12.004321480901247,73.56048399402249,-3.193453985986805,77.76387122369582,-5.203675442019973,0.6578333333333334,-3.6329898920845816,71177.16666666667,1.0084692686268104,4.18,0.5415419504469058,16.34559420760887,64.89814034679645,56.23910872190356,0.06511350000000005,7.1,6.2,6.5,4.9,3.35,2.85,0.4333333333333333,3.6231456333333334,3.4929186333333333,3.7994325,0.7681564245810124,0.7741027445461013,0.7305194805194759,0.7358953393295176,-4.04296848956418,-8.05593820400805,-7.499273879643519,2.945759815010307,0.5,0.1302270000000001,-0.029836500000000044,1.4764028515211303,3.18,0,0
2023Q3,1.0,5.3,1.2,5.1,3.6488515666666665,0.044873666666666256,4.1,0.24999999999999956,147.9,1.8595041322314154,127.0,1.844426623897344,106.87702664916434,-4.634816932869191,82.21714286198691,11.76808307659838,86.02920592777313,10.628759312021941,0.6541666666666667,-0.5573853559665665,71993.40000000001,1.146762889784414,2.19,0.5336587114184449,144.1037342168271,10.198148360615013,27.078238105881763,-0.009583866666666552,6.0,7.3,5.8,6.0,3.85,3.35,1.8500000000000003,3.6039779000000003,3.6231456333333334,3.5227551333333333,0.6237006237006071,0.7681564245810124,0.483481063658342,0.7305194805194759,-12.004321480901247,-3.193453985986805,-5.203675442019973,-3.6329898920845816,0.5,-0.019167733333333103,0.1302270000000001,1.0084692686268104,4.18,0,0
2023Q4,0.7,4.0,0.9,4.2,3.899197733333333,0.25034616666666665,4.266666666666667,0.16666666666666696,149.3,0.9465855307640325,128.2,0.9448818897637601,110.42877919594333,3.323214219308346,78.53412725055028,-4.479620044227383,82.85281252861023,-3.6922268024067173,0.6611333333333334,1.0649681528662525,72240.36666666667,0.3430407046571826,2.78,0.23375393891620172,21.48152800121097,138.4877792977212,112.97052451289314,0.011218416666666545,5.3,7.8,5.1,6.8,4.1,3.85,2.85,3.6488515666666665,3.6039779000000003,3.4929186333333333,1.8595041322314154,0.6237006237006071,1.844426623897344,0.483481063658342,-4.634816932869191,11.76808307659838,10.628759312021941,-0.5573853559665665,0.24999999999999956,0.044873666666666256,-0.019167733333333103,1.146762889784414,2.19,0,0
2024Q1,1.0,3.7,1.0,4.0,3.9113048,0.012107066666666721,4.35,0.08333333333333304,150.2,0.602813127930335,129.4,0.9360374414976835,109.986443057727,-0.4005623728135732,76.90786880743308,-2.0707665572304634,81.78573745977683,-1.2879165308539497,0.6541666666666667,-1.0537460925683195,73022.96666666666,1.0833278347147424,2.0,3.401909570941354,11.043752747413178,20.066995740643744,13.632538760410533,0.041724361111111184,4.0,7.1,4.2,6.5,4.266666666666667,4.1,3.35,3.899197733333333,3.6488515666666665,3.6231456333333334,0.9465855307640325,1.8595041322314154,0.9448818897637601,1.844426623897344,3.323214219308346,-4.479620044227383,-3.6922268024067173,1.0649681528662525,0.16666666666666696,0.25034616666666665,0.044873666666666256,0.3430407046571826,2.78,0,0
2024Q2,0.9,3.8,0.9,4.0,4.0399888666666675,0.12868406666666754,4.35,0.0,151.1,0.5992010652463353,130.7,1.0046367851622717,102.17438854428667,-7.102743116567678,80.6604765634688,4.879354758135035,85.05904763842386,4.002299521058772,0.6595333333333333,0.8203821656050936,73180.40000000001,0.2155942719391346,3.12,0.8928017856035345,0.16045021451404,4.2880741345441065,1.658728990446873,0.0010089222222222232,3.7,6.0,4.0,5.8,4.35,4.266666666666667,3.85,3.9113048,3.899197733333333,3.6039779000000003,0.602813127930335,0.9465855307640325,0.9360374414976835,0.9448818897637601,-0.4005623728135732,-2.0707665572304634,-1.2879165308539497,-1.0537460925683195,0.08333333333333304,0.012107066666666721,0.25034616666666665,1.0833278347147424,2.0,0,0
2024Q3,0.1,2.9,0.8,3.6,4.109908833333333,0.06991996666666545,4.35,0.0,153.1,1.3236267372600974,132.0,0.9946442234123998,97.53222416974343,-4.543373775641568,75.27468752861023,-6.677110357289662,78.5907815694809,-7.604442147575896,0.6743,2.2389568381684155,73351.2,0.23339582729799968,1.72,0.8761660918855293,50.44895977994954,23.808102855735005,16.018401456267274,0.0,3.8,5.3,4.0,5.1,4.35,4.35,4.1,4.0399888666666675,3.9113048,3.6488515666666665,0.5992010652463353,0.602813127930335,1.0046367851622717,0.9360374414976835,-7.102743116567678,4.879354758135035,4.002299521058772,0.8203821656050936,0.0,0.12868406666666754,0.012107066666666721,0.2155942719391346,3.12,0,0
2024Q4,0.3,2.4,0.5,3.2,4.008619466666667,-0.10128936666666633,4.35,0.0,154.1,0.653167864141091,133.0,0.7575757575757569,100.97710387453901,3.532042598352092,70.3195309638977,-6.582766036496901,74.02359402179718,-5.81135275216208,0.6434333333333333,-4.577586633051567,74638.7,1.7552541744374928,2.01,1.0092950701011845,20.642245265187515,44.583802723424874,57.827540375828704,0.0,2.9,4.0,3.6,4.2,4.35,4.35,4.266666666666667,4.109908833333333,4.0399888666666675,3.899197733333333,1.3236267372600974,0.5992010652463353,0.9946442234123998,1.0046367851622717,-4.543373775641568,-6.677110357289662,-7.604442147575896,2.2389568381684155,0.0,0.06991996666666545,0.12868406666666754,0.23339582729799968,1.72,0,0
2025Q1,1.0,2.4,0.7,2.9,4.094575966666667,0.08595649999999999,4.183333333333333,-0.16666666666666696,155.3,0.7787151200519205,134.2,0.9022556390977376,103.64939706591667,2.646434774657336,71.42229536713147,1.5682192246133209,74.88868863465356,1.1686741562448866,0.6239666666666667,-3.0254364606537743,75593.0,1.278559246074762,1.71,0.9893171311676558,12.475324916573797,43.33280869125712,33.771820810061776,-0.0,2.4,3.7,3.2,4.0,4.35,4.35,4.35,4.008619466666667,4.109908833333333,3.9113048,0.653167864141091,1.3236267372600974,0.7575757575757569,0.9946442234123998,3.532042598352092,-6.582766036496901,-5.81135275216208,-4.577586633051567,0.0,-0.10128936666666633,0.06991996666666545,1.7552541744374928,2.01,0,0
2025Q2,0.7,2.2,0.6,2.7,4.157974933333333,0.06339896666666611,3.9333333333333336,-0.2499999999999991,156.2,0.5795235028976053,135.2,0.7451564828613977,97.84127488980103,-5.603623697320614,63.68338707954653,-10.835423655603183,66.54790336854997,-11.137576873317057,0.6467333333333333,3.6486991826486292,76410.26666666666,1.081140669991476,2.47,0.573921028466482,7.003617016515624,2.4593115364468052,1.3657992834746975,-0.014326083333333357,2.4,3.8,2.9,4.0,4.183333333333333,4.35,4.35,4.094575966666667,4.008619466666667,4.0399888666666675,0.7787151200519205,0.653167864141091,0.9022556390977376,0.7575757575757569,2.646434774657336,1.5682192246133209,1.1686741562448866,-3.0254364606537743,-0.16666666666666696,0.08595649999999999,-0.10128936666666633,1.278559246074762,1.71,0,0
2025Q3,1.1,3.2,1.0,2.9,4.3060484,0.1480734666666672,3.6833333333333336,-0.25,158.3,1.3444302176696787,136.6,1.0355029585798814,98.42701754017924,0.5986662081395977,64.99169200016902,2.0543896620767166,68.16507662259616,2.43008896176653,0.6536333333333334,1.0669003195546978,77058.83333333333,0.8487951880811861,1.65,0.8140652382836671,31.400598541173153,117.40640579640504,124.04561860904695,-0.015849741666666473,2.2,2.9,2.7,3.6,3.9333333333333336,4.183333333333333,4.35,4.157974933333333,4.094575966666667,4.109908833333333,0.5795235028976053,0.7787151200519205,0.7451564828613977,0.9022556390977376,-5.603623697320614,-10.835423655603183,-11.137576873317057,3.6486991826486292,-0.2499999999999991,0.06339896666666611,0.08595649999999999,1.081140669991476,2.47,0,0
2025Q4,0.8,3.7,0.9,3.3,4.2573268,-0.048721599999999476,3.6,-0.08333333333333348,159.4,0.6948831332912242,137.7,0.8052708638360162,103.05288172691633,4.699791076010973,59.1370313167572,-9.00832168424942,63.07312482595444,-7.470030181046972,0.6592333333333333,0.8567494517823349,78673.0,2.094719835277381,1.91,0.5552581839503684,0.3584012287682441,4.220516883647686,5.905332362099531,-0.0370183666666668,3.2,2.4,2.9,3.2,3.6833333333333336,3.9333333333333336,4.35,4.3060484,4.157974933333333,4.008619466666667,1.3444302176696787,0.5795235028976053,1.0355029585798814,0.7451564828613977,0.5986662081395977,2.0543896620767166,2.43008896176653,1.0669003195546978,-0.25,0.1480734666666672,0.06339896666666611,0.8487951880811861,1.65,0,0
2026Q1,1.4,4.0,0.8,3.5,4.223809066666667,-0.03351773333333341,3.85,0.25,160.3,0.5646173149310041,138.2,0.3631082062454549,104.14943616921533,1.0640696542623784,,,,,0.6991666666666667,6.057541588714166,79532.63333333333,1.0926662683936383,1.99,1.0722663772276875,22.088036158152377,81.14985956691831,55.80135090575265,0.004060133333333297,3.7,2.4,3.3,2.9,3.6,3.6833333333333336,4.183333333333333,4.2573268,4.3060484,4.094575966666667,0.6948831332912242,1.3444302176696787,0.8052708638360162,1.0355029585798814,4.699791076010973,-9.00832168424942,-7.470030181046972,0.8567494517823349,-0.08333333333333348,-0.048721599999999476,0.1480734666666672,2.094719835277381,1.91,0,0
2026Q2,0.6,3.9,0.8,3.6,4.434078,0.2102689333333334,4.266666666666667,0.4166666666666665,161.2,0.5614472863381126,140.0,1.302460202604938,104.85896715062933,0.681262431667129,,,,,0.7048666666666668,0.8152562574493594,80622.2,1.369961764122829,3.59,0.6484611641432038,1.1322442291220576,,,-0.008379433333333353,4.0,2.2,3.5,2.7,3.85,3.6,3.9333333333333336,4.223809066666667,4.2573268,4.157974933333333,0.5646173149310041,0.6948831332912242,0.3631082062454549,0.8052708638360162,1.0640696542623784,,,6.057541588714166,0.25,-0.03351773333333341,-0.048721599999999476,1.0926662683936383,1.99,0,0
2026Q3,,,,,4.4618247,0.02774669999999979,4.35,0.08333333333333304,,,,,104.949930828016,0.08674859180712868,,,,,0.7098,0.6998959614111344,82338.3,2.1285700464636292,,0.13184756944279183,0.4641185008010096,,,0.08761205555555555,3.9,3.2,3.6,2.9,4.266666666666667,3.85,3.6833333333333336,4.434078,4.223809066666667,4.3060484,0.5614472863381126,0.5646173149310041,1.302460202604938,0.3631082062454549,0.681262431667129,,,0.8152562574493594,0.4166666666666665,0.2102689333333334,-0.03351773333333341,1.369961764122829,3.59,0,0
2026Q4,,,,,,,,,,,,,,,,,,,,,,,,1.6964025793696964,0.007525318180519834,,,0.002312224999999974,,3.7,,3.3,4.35,4.266666666666667,3.6,4.4618247,4.434078,4.2573268,,0.5614472863381126,,1.302460202604938,0.08674859180712868,,,0.6998959614111344,0.08333333333333304,0.02774669999999979,0.2102689333333334,2.1285700464636292,,0,0
